id_cliente,nombre,apellido,telefono,email,fecha_registro
1,David,Bernal,+57 606 713 22 80,alejandro32@example.org,2025-05-19
2,David,Serna,(+57) 302 738 90 76,,2024-04-16
3,Felipe,Díaz,3062674768,,2024-11-15
4,Pedro,Salazar,57 327 908 41 74,hugo36@example.net,2024-11-10
5,Antonio,Andrade,+57 604 887 61 18,astrid41@example.net,2026-03-06
6,Ronal,Quintero,321 771 44 55,uguevara@example.org,2024-09-26
7,Fernando,Gutiérrez,+576082794711,dpineda@example.net,2024-05-07
8,Liliana,Jaimes,(+57)6073155118,andrespacheco@example.org,2026-02-05
9,Andrea,Hoyos,57 319 046 53 41,,2025-03-19
10,Lucía,Ramírez,329 686 99 88,williamgalindo@example.com,2025-05-23
11,Luis,Vallejo,018002938531,maria56@example.net,2025-05-08
12,Elena,Cárdenas,57 310 914 69 66,pabloserna@example.com,2026-02-19
13,Julián,Carmona,+573268224243,,2024-03-31
14,Teresa,Montoya,57 318 436 78 59,,2024-08-29
15,Carlos,Beltrán,6069306571,manuelcaballero@example.com,2024-12-10
16,Rosa,Álvarez,321 897 09 33,martha47@example.net,2025-05-10
17,Juan,Vargas,+573028514811,,2026-02-28
18,William,Ospina,+573066271340,zgaleano@example.org,2025-11-12
19,Fanny,Carrillo,(+57) 315 391 52 50,jimenezdaniela@example.org,2025-06-02
20,Rafael,Daza,9811131,alvaradoarmando@example.com,2024-05-19
21,Edilma,Serna,01 8000 437 853,wilson85@example.com,2025-06-02
22,Karen,Velasco,+57 300 901 44 67,dianaortiz@example.com,2024-06-08
23,Sandra,Fernández,(+57) 301 536 94 87,perezdiego@example.net,2024-03-30
24,Fernando,Uribe,300 458 99 79,riverakarina@example.net,2025-03-31
25,Sonia,Vanegas,57 303 424 32 09,mvillegas@example.org,2025-09-24
26,Omar,Pérez,57 304 661 85 24,dfigueroa@example.org,2025-01-07
27,Valentina,Serna,6066033051,xgarcia@example.net,2025-11-09
28,Juan,Ortiz,(+57)3195816281,barreradiego@example.net,2025-09-20
29,Patricia,Galvis,(+57)3234241657,,2024-10-17
30,Román,Morales,(+57) 606 358 84 73,,2026-03-05
31,Victoria,Estrada,576084909759,gonzalezana@example.org,2024-08-26
32,Armando,Mena,300 241 97 93,,2024-09-26
33,Sandra,Velásquez,319 311 71 62,luiscorredor@example.org,2024-05-31
34,René,Vásquez,573257108292,,2025-05-01
35,María,Agudelo,57 304 193 68 94,bolivarpedro@example.net,2024-10-26
36,Freddy,Rodríguez,+573249287697,claudiacastaneda@example.com,2025-08-03
37,Luis,Barrios,(+57) 321 884 36 86,brodriguez@example.com,2024-10-01
38,Juan,Sánchez,3209060676,ardiladayana@example.com,2026-01-16
39,Sandra,Caicedo,57 318 899 54 56,hpatino@example.org,2025-09-16
40,Rosalba,Rodríguez,3168742610,rioseduardo@example.net,2024-07-12
41,Andrea,Padilla,(+57) 609 435 64 06,,2025-02-12
42,Camilo,Palacios,576017586248,,2024-04-28
43,Patricia,Duque,57 300 905 44 64,,2024-06-03
44,Nayibe,Silva,+57 321 509 20 12,,2025-02-03
45,Gabriel,Torres,+573265635056,tamayomaria@example.org,2024-04-24
46,Verónica,Castillo,(+57)3207219208,,2024-06-08
47,Edinson,Henao,+57 328 813 72 33,julioescobar@example.org,2025-04-22
48,Manuel,Anaya,+573090983134,camiloospina@example.org,2026-03-28
49,Eugenia,Márquez,3254316736,,2026-01-15
50,Wilmar,Suárez,6066990457,,2026-03-16
51,Valentina,Rodríguez,01 8007 052 855,riosandrea@example.com,2025-05-03
52,Alonso,Hernández,304 430 32 63,montoyaluz@example.com,2025-11-18
53,María,Sepúlveda,3127432473,jorge29@example.net,2024-11-19
54,Luz,García,01 8007 639 660,daniel00@example.org,2026-03-19
55,Diego,Suárez,573263199509,cpena@example.net,2024-04-24
56,Jair,Silva,+57 609 249 67 87,galvispiedad@example.com,2024-08-10
57,Patricia,Pérez,3226956850,alexanderjimenez@example.net,2024-04-30
58,Elena,Rojas,576014784346,nidiafranco@example.org,2025-04-17
59,Javier,Barrera,57 321 919 50 52,john69@example.net,2025-08-02
60,Dairo,Hernández,308 17 34,,2025-05-27
61,Fredy,Rodríguez,6058995713,luis22@example.net,2025-05-02
62,Germán,Trujillo,+57 315 592 79 87,,2025-01-31
63,Armando,Rojas,329 808 29 51,,2024-07-27
64,Luisa,Ramírez,1768524,brayanreyes@example.com,2024-09-21
65,María,Restrepo,(+57)3266273524,,2024-08-14
66,Mario,Vera,3286240981,ligia12@example.net,2024-08-04
67,Santiago,Orozco,573165927273,arteagayeison@example.org,2025-10-30
68,Francy,Espitia,+57 602 468 95 34,erazojhon@example.net,2025-02-24
69,Milena,Zambrano,(+57)6035589181,npalacio@example.org,2025-07-30
70,Fernando,Gómez,3111015697,fvargas@example.net,2026-01-05
71,José,García,573122425334,barretojavier@example.com,2025-05-16
72,José,Benavides,57 302 765 78 85,hernandopadilla@example.org,2024-12-26
73,Cecilia,Villegas,+576051806529,sandra35@example.com,2024-08-31
74,Josefina,Rosero,605 900 13 66,,2026-02-05
75,Manuel,Herrera,+573236113682,andres11@example.com,2026-01-07
76,Néstor,Páez,+57 602 750 63 25,nsierra@example.com,2024-06-13
77,Néstor,Angulo,+573276597081,josevillamizar@example.com,2025-02-23
78,Cecilia,Acevedo,307 430 23 80,felipe72@example.com,2026-03-16
79,Andrés,Méndez,(+57)3001874762,gabrielleal@example.com,2025-05-16
80,Arturo,Díaz,573277998631,uribedavid@example.org,2024-11-08
81,Jair,Guzmán,57 308 936 03 86,romeroelena@example.org,2025-05-30
82,Yesenia,Bautista,(+57)3084525709,mendozaricardo@example.net,2025-07-15
83,Jefferson,Niño,(+57)6077881166,bustosfernanda@example.org,2025-08-28
84,Myriam,González,+576044723463,,2025-10-10
85,Ana,Correa,(+57) 322 995 47 96,darwin33@example.org,2025-11-26
86,Socorro,Gómez,57 608 814 45 77,estherparada@example.com,2025-10-13
87,Luis,Londoño,+57 601 449 45 82,,2024-07-24
88,María,Gutiérrez,57 311 306 22 64,,2025-05-06
89,Augusto,Rojas,573141860190,emerson08@example.com,2025-04-08
90,Luis,Calderón,57 607 795 86 51,gabrielosorio@example.org,2024-04-04
91,Beatriz,Chaparro,+57 312 385 19 12,rubyleon@example.org,2026-02-09
92,Andrés,Salazar,57 322 046 48 27,,2025-03-25
93,Fernando,Fonseca,+573279538678,,2025-02-19
94,César,Contreras,57 314 541 12 01,,2025-05-05
95,Javier,Duque,(+57)3049773564,,2024-08-17
96,Albeiro,Camargo,01 8008 356 072,pablo60@example.com,2025-04-20
97,Luis,Cortés,573097338792,,2025-12-01
98,Patricia,Moreno,+573007626708,horacioyepes@example.net,2025-02-21
99,Hugo,Rodríguez,(+57)3233883082,frestrepo@example.net,2024-09-13
100,Mauricio,Fuentes,+573056457375,lilianalopez@example.org,2025-06-17
101,Henry,Buitrago,325 96 19,maria68@example.net,2025-04-23
102,Antonio,Quintero,607 716 20 75,,2025-02-04
103,Fabián,Pinzón,576084439916,joseortega@example.com,2025-01-27
104,José,Osorio,+573281008453,alejandragamboa@example.com,2025-10-28
105,Milena,Barrera,+573022171111,,2025-11-23
106,Manuel,Velasco,529 83 94,fabioespinosa@example.org,2025-07-14
107,Fernando,Perea,(+57) 322 323 43 34,patricia06@example.com,2026-03-01
108,Diana,Cruz,6013460465,,2025-12-16
109,Vanesa,Gómez,3033546090,monsalvejavier@example.com,2025-10-04
110,Fernando,Molina,576045012373,molinajhon@example.com,2026-02-24
111,María,Hernández,(+57) 306 461 94 94,margarita89@example.com,2025-02-20
112,Andrea,Gonzáles,(+57) 314 678 96 83,,2025-04-28
113,Enrique,Ortega,8393403,,2024-07-31
114,Alex,Vargas,3046575154,dmunoz@example.org,2024-06-17
115,Nelly,Vega,+573189749811,castrillonadriana@example.com,2025-01-30
116,Carolina,Rivera,+57 324 607 49 80,bgalvis@example.net,2025-09-27
117,Laura,Patiño,573229774761,amparomartinez@example.net,2025-01-08
118,María,Vallejo,+57 326 407 85 58,riveraclemencia@example.org,2025-05-31
119,Luz,Villamizar,(+57)3222710202,nposada@example.org,2025-11-21
120,Jesús,Vega,+573009607861,carlos88@example.net,2024-04-03
121,Danny,Buitrago,+57 327 507 30 84,nidia31@example.org,2025-05-09
122,Margarita,Mora,01 8003 843 992,ceciliacontreras@example.org,2024-11-24
123,Rosa,Morales,57 323 144 61 61,yuliramirez@example.org,2025-12-23
124,María,Velásquez,57 306 027 38 30,monicareyes@example.com,2025-12-01
125,Mercedes,Acevedo,309 458 09 78,nhenao@example.net,2025-06-20
126,Inés,Jaramillo,+57 313 602 81 92,,2025-02-06
127,Alejandra,Cano,+573215742438,,2025-08-23
128,Sandra,Domínguez,317 547 13 82,milenaburbano@example.org,2025-06-26
129,Alcira,Murillo,305 701 92 53,,2025-08-24
130,Jacqueline,Villegas,+573252224931,,2025-10-28
131,Jaime,Peña,57 608 630 60 83,,2024-05-26
132,Óscar,Zambrano,3080608501,,2024-08-30
133,David,Morales,(+57) 607 428 80 50,blopez@example.com,2025-03-20
134,Clara,Melo,(+57) 604 853 83 27,,2026-01-15
135,Sonia,Vergara,303 846 03 38,elenamejia@example.org,2025-03-27
136,Claudia,Díaz,320 422 10 76,mhenao@example.com,2024-11-04
137,Rodolfo,Londoño,(+57) 306 206 77 83,estefania59@example.net,2026-01-13
138,Marisol,Arboleda,3068124350,jmoreno@example.org,2025-07-09
139,Luisa,Pérez,317 950 90 60,gmesa@example.net,2025-06-22
140,Andrea,Rentería,3038792674,arteagafernando@example.com,2025-08-21
141,Dario,Ortega,+573113562304,nataliaramos@example.org,2025-12-01
142,Andrés,Meneses,(+57)3038355680,,2025-07-24
143,Leandro,Molina,(+57)3035362060,angela03@example.org,2024-10-09
144,Cindy,Moreno,573061086268,,2025-07-10
145,Ruth,Castro,018005165819,aestrada@example.net,2026-01-30
146,Carmen,Bernal,(+57) 324 345 01 92,,2025-04-18
147,Fabián,Moreno,3034431886,icaicedo@example.org,2024-08-31
148,Ángela,Alarcón,573134226403,,2025-06-30
149,Paola,Tamayo,(+57)3240353022,nramirez@example.net,2025-05-17
150,Gladys,Patiño,(+57)3174911323,aquiroga@example.com,2025-07-30
151,Yaneth,Rodríguez,57 308 750 37 25,,2024-06-06
152,Guillermo,Ruiz,(+57)3014585224,eduarmosquera@example.com,2024-04-22
153,Elena,Pérez,3249766705,ncaballero@example.com,2025-04-05
154,María,Ramírez,5826723,ruth90@example.net,2024-11-26
155,Flor,Velasco,+57 318 296 23 46,nataly42@example.net,2025-08-16
156,Bibiana,García,3002123247,bperdomo@example.com,2026-02-05
157,Wilmer,Parada,+57 604 591 99 95,vgarcia@example.org,2025-06-01
158,Óscar,Pérez,327 315 74 61,gabrieltorres@example.com,2026-03-02
159,Amanda,López,+57 601 601 15 08,esperanzaburgos@example.org,2024-09-29
160,John,Silva,57 604 625 69 72,mauriciocardozo@example.com,2024-11-21
161,Dary,González,018006402018,yurani38@example.net,2025-08-16
162,Martha,Leal,+573136861224,aldemarmendez@example.org,2025-01-11
163,Mauricio,Roa,018005010693,,2025-05-11
164,Alejandra,Sánchez,+573218565216,tovaralejandro@example.org,2024-11-08
165,Danilo,Vargas,018004071791,,2025-11-08
166,Elizabeth,Valderrama,57 315 707 47 99,alexandravelasquez@example.com,2025-01-31
167,Julio,Villamizar,(+57) 317 946 49 15,javier55@example.com,2024-04-19
168,Ricardo,Restrepo,(+57) 304 687 55 17,,2024-08-01
169,Arturo,Romero,576048147955,vcastro@example.net,2024-11-02
170,Mayerly,Barrera,573112224470,castanedanathalia@example.org,2025-01-07
171,Lucía,Agudelo,6021709477,qorozco@example.org,2025-06-30
172,Ana,Mercado,+57 328 081 50 92,vargaselizabeth@example.com,2025-12-26
173,Felipe,Fajardo,8371177,mbohorquez@example.org,2024-07-15
174,Ana,Gómez,+573006427534,squiroga@example.com,2025-02-16
175,Emilio,García,57 321 359 93 04,vivianamercado@example.net,2025-11-25
176,María,Giraldo,3221398858,moralesarmando@example.com,2024-06-14
177,Claudia,Osorio,018006074467,,2025-10-20
178,David,Restrepo,573266080046,camiloburgos@example.com,2026-01-16
179,José,Moreno,+57 601 365 10 85,,2026-03-23
180,Mirian,Espinosa,5731439,,2026-02-12
181,Andrea,Ortiz,+573171739849,,2025-10-08
182,Amparo,Montoya,526 70 06,mbarrera@example.org,2026-01-06
183,Paula,Rodríguez,+57 607 130 33 79,fernandezcristian@example.org,2024-06-27
184,Camilo,Daza,57 306 250 23 12,,2024-05-02
185,Jairo,Velasco,57 309 945 08 76,,2025-09-03
186,Patricia,Henao,(+57)3071684157,,2024-06-11
187,Manuel,Rodríguez,(+57) 325 198 99 46,carlosbarrios@example.com,2025-11-30
188,Tatiana,Pérez,+573254003492,mariamoreno@example.org,2025-03-11
189,José,Rivera,(+57) 310 116 30 42,rojasandres@example.org,2025-07-10
190,Mateo,Caicedo,999 09 77,bautistadavid@example.com,2025-09-02
191,Eduardo,Córdoba,303 748 91 06,lopezhermes@example.com,2025-02-23
192,Alberto,Ruiz,(+57)3061587869,xsarmiento@example.com,2024-06-06
193,Virginia,Gómez,(+57) 608 217 08 93,ssuarez@example.org,2024-09-20
194,Cristian,Suárez,(+57) 603 586 63 88,,2024-09-07
195,Tatiana,Blanco,(+57)3173081844,,2024-06-18
196,Cristina,Muñoz,3083450629,lperez@example.com,2024-05-12
197,Luz,Gaitán,+57 317 377 16 60,dsanchez@example.net,2024-12-18
198,Jorge,Ortega,+57 607 914 13 34,ivandiaz@example.com,2024-09-08
199,Óscar,López,(+57) 321 860 71 98,vhernandez@example.net,2025-01-16
200,María,Rodríguez,3265507592,wmarin@example.net,2024-05-03
201,Ignacio,Castro,+57 328 404 37 43,rosamartinez@example.com,2025-09-27
202,Danna,Rincón,321 145 46 89,wvergara@example.com,2025-09-27
203,Luz,Vergara,57 607 134 09 35,perezdavid@example.com,2025-03-23
204,Moisés,Sánchez,+57 601 363 34 45,eduardo14@example.net,2024-08-07
205,Ángela,Rodríguez,9650874,alexander52@example.com,2025-12-01
206,Luz,Pineda,573137162824,carlospaez@example.com,2025-12-02
207,Julián,Suárez,57 321 332 12 14,rcabrera@example.org,2026-03-08
208,Armando,Restrepo,(+57)6027251339,,2024-05-25
209,María,Ortiz,(+57)3083406824,,2024-06-15
210,Erika,Valencia,018007807353,,2025-04-14
211,Jhon,Mendoza,3193589,mariela74@example.net,2026-02-27
212,Jhon,Gaitán,3060253211,rojasjosue@example.net,2025-05-20
213,Gabriel,Álvarez,(+57)3285686826,dorisbolivar@example.net,2024-12-24
214,Fredy,Martínez,(+57)3079741315,,2025-01-22
215,Pilar,Torres,3284342441,,2024-08-20
216,Damián,Muñoz,(+57) 329 592 94 53,ypadilla@example.org,2024-10-29
217,Héctor,Toro,308 813 58 24,mariaburgos@example.net,2025-07-20
218,Cecilia,Gómez,7790445,ariassantos@example.net,2026-03-12
219,Eduard,Vásquez,6096684,,2024-05-16
220,Luis,Leal,6086262671,omosquera@example.org,2025-02-28
221,María,Bravo,576054880426,esperanza92@example.com,2025-01-17
222,Juan,Hernández,(+57) 315 192 50 25,,2026-03-13
223,Raquel,Polo,(+57) 315 237 21 22,,2024-10-30
224,Fernanda,Ríos,306 239 21 08,francia47@example.org,2025-09-22
225,Gloria,Calderón,(+57) 312 288 76 49,ramosluz@example.org,2025-06-05
226,Flor,Vega,573176621615,scastro@example.net,2025-10-30
227,Andrea,Hernández,573091354724,yperez@example.org,2026-01-05
228,Amparo,Luna,(+57) 606 278 89 50,danielapinto@example.org,2025-04-22
229,Felipe,Gómez,01 8004 808 151,carlos40@example.com,2025-11-18
230,Jorge,Pineda,6095884627,daniel63@example.com,2024-06-09
231,Eliecer,Toro,+573193530375,luiscarvajal@example.org,2024-12-08
232,Hernán,Padilla,(+57) 316 493 49 89,enith49@example.net,2025-12-01
233,Luz,Salgado,3250610565,,2024-11-17
234,Carlos,Vargas,+57 320 802 44 85,hochoa@example.com,2024-07-04
235,Jairo,Guerrero,305 392 76 68,uribefernando@example.org,2025-07-06
236,Harold,Forero,9533930,alejandra64@example.net,2024-04-07
237,Clemencia,Mejía,573248126102,sandra33@example.com,2025-04-24
238,Patricia,Páez,(+57)3086011586,jairo42@example.org,2025-08-26
239,Wilson,Bermúdez,018004546636,,2025-05-20
240,Carlos,Bernal,+573226376013,zduque@example.org,2024-10-11
241,Óscar,Pérez,57 601 230 43 29,avilaalejandro@example.com,2025-08-26
242,Ángel,Morales,(+57) 608 537 05 43,giraldogerardo@example.com,2024-06-18
243,Víctor,Muñoz,328 337 46 62,claudiaroa@example.com,2025-08-06
244,Fabio,Rueda,316 275 66 16,hdiaz@example.net,2024-09-08
245,Andrea,Becerra,6078402810,fabiola75@example.net,2024-06-24
246,Olga,Arrieta,602 341 26 29,,2024-07-11
247,Antonio,Vargas,3241515354,,2025-12-04
248,David,Hernández,8104005,,2024-09-29
249,Marta,Ramírez,601 117 61 60,alexander14@example.net,2025-02-13
250,Jazmín,Arias,300 231 76 79,,2024-07-25
251,Esteban,Carmona,+57 302 377 44 26,felipe45@example.org,2025-07-06
252,María,Pinzón,+57 305 990 51 78,oscargutierrez@example.net,2024-09-18
253,Segundo,Camacho,3176528791,,2025-03-29
254,Carmen,Ávila,573155950368,vdaza@example.org,2025-05-12
255,Elena,López,+573212334529,pablojaramillo@example.net,2024-07-07
256,José,Ramírez,57 604 358 27 04,,2025-08-21
257,Luz,Delgado,6049929749,luz59@example.com,2025-11-13
258,Tania,Castillo,+57 326 856 87 44,,2026-02-11
259,Arturo,Quintero,3249374744,fernando73@example.com,2024-11-06
260,Ofelia,Molina,+573234436794,marinasanchez@example.org,2026-03-25
261,Karen,Rojas,+573281040975,xmoreno@example.org,2024-09-18
262,Stella,Ortiz,6091690282,argemiro08@example.net,2025-05-19
263,Eduardo,Tamayo,+57 314 953 96 55,,2025-05-30
264,Paola,Ramos,(+57)6074157484,,2025-05-04
265,Yair,Blanco,312 119 63 97,,2024-12-04
266,Daniela,Sánchez,57 328 091 94 16,fernandoruiz@example.com,2025-08-04
267,Claudia,Carrillo,310 488 38 91,,2026-02-23
268,Jeison,Buitrago,(+57) 310 029 71 67,gonzalomendez@example.net,2024-09-12
269,José,Ojeda,573230800548,frojas@example.net,2024-11-07
270,Sonia,Jaimes,(+57) 317 184 37 69,tatianamartinez@example.org,2026-03-25
271,Clara,Cardona,311 018 87 10,katherine24@example.net,2024-11-21
272,Francy,Peña,602 448 28 69,jesusgomez@example.com,2025-08-23
273,Juan,Ortega,+573019817468,,2025-04-05
274,María,López,+573054467406,,2026-01-30
275,Paola,Gómez,3214739945,nelson02@example.net,2024-06-26
276,Alexander,Mosquera,+57 320 988 14 37,mgarcia@example.net,2024-10-19
277,Frank,Morales,3051768104,antonioriascos@example.org,2025-05-27
278,Sebastián,Rodríguez,318 457 24 00,vegaalfonso@example.org,2025-11-15
279,Rigoberto,Ortiz,3287656677,,2024-08-18
280,Julián,Triana,(+57) 303 372 59 31,,2025-06-11
281,Gilberto,Guerrero,57 302 028 71 79,bustamantejeison@example.com,2025-03-15
282,Marleny,Rosero,573033617359,mercedespalacio@example.org,2025-04-13
283,Luz,Cruz,57 321 209 68 58,mramirez@example.net,2025-06-08
284,Tatiana,Marín,573164453227,gladysramirez@example.com,2024-07-20
285,Pablo,Sierra,(+57)3057010345,sanchezcamilo@example.org,2025-04-23
286,Ernesto,Peña,576063824779,arnulfopinto@example.com,2024-10-01
287,Patricia,Buitrago,+57 310 100 82 06,,2024-04-04
288,Omar,González,+573152168448,nrico@example.org,2025-06-02
289,Rosa,Giraldo,57 301 347 69 90,fernanda49@example.com,2026-01-30
290,José,Pérez,+573209731409,gabriellozano@example.net,2024-06-20
291,Jorge,Escobar,018005978465,,2024-05-10
292,Omar,Martínez,+576088255042,rangeljesus@example.com,2024-09-11
293,Néstor,Rendón,573231611697,yuliethparra@example.net,2025-12-22
294,Jhon,Rodríguez,+573083245701,,2024-05-08
295,Flor,Palacios,(+57) 300 844 90 57,gilhernan@example.net,2025-09-15
296,Daniela,Vergara,57 607 229 16 26,vgomez@example.com,2025-11-25
297,Laura,Mercado,+576017865798,,2024-05-15
298,Brayan,Quintero,57 314 539 37 05,,2024-12-23
299,Jorge,Arango,3180415017,pbravo@example.net,2025-07-16
300,Lorenzo,González,573240996556,darwingonzalez@example.org,2024-05-07
301,Claudia,González,6027272675,albertopabon@example.com,2025-11-15
302,Ángel,Muñoz,+573124290016,maria79@example.net,2025-12-12
303,Javier,Álvarez,(+57)3265172381,sebastiancalderon@example.org,2025-11-01
304,Luis,Torres,3136557663,,2025-10-27
305,Jaime,García,+57 323 433 23 21,marthagarcia@example.org,2025-03-02
306,Isabel,Prieto,+573163662289,susanajaramillo@example.org,2025-12-06
307,Luz,Pérez,576027090363,castrofernando@example.net,2024-11-04
308,Héctor,López,378 31 65,,2025-10-21
309,Fabián,Garzón,604 490 15 29,dollypalacio@example.net,2025-01-29
310,Humberto,Quintero,+57 308 473 27 43,grubio@example.org,2025-02-02
311,María,Henao,+57 328 229 48 87,suarezjuan@example.com,2024-12-20
312,Andrés,Pinzón,(+57) 606 638 58 09,,2024-10-02
313,Alexandra,Castañeda,573090394302,,2025-10-27
314,Alejandro,Parra,+57 310 562 27 30,,2025-12-16
315,Henry,Gutiérrez,316 729 27 40,slondono@example.net,2025-07-20
316,Efrain,Burgos,+57 322 867 25 44,rodriguezrocio@example.org,2024-12-11
317,Jessica,Castro,3035234180,alberto77@example.org,2024-08-06
318,Michael,Sánchez,573014347642,ruizandres@example.org,2025-09-08
319,Carmen,Giraldo,573114559726,zsuarez@example.net,2024-05-30
320,José,Prada,573150928627,,2026-03-19
321,Martín,Peña,312 684 29 14,,2024-12-29
322,Marina,Londoño,+57 607 288 68 85,mosqueramilena@example.org,2025-05-10
323,Antonio,Galeano,57 607 735 57 80,stivenrico@example.org,2024-04-03
324,Jesús,García,658 01 52,andrea34@example.net,2024-12-01
325,Ciro,Rivera,+57 303 410 23 49,,2024-04-28
326,José,Rincón,57 301 324 55 66,,2024-04-20
327,Melissa,Molano,325 790 10 04,yparra@example.com,2026-03-04
328,Yuliana,Cifuentes,(+57)3068619856,rodriguezliliana@example.net,2024-05-01
329,Marcela,Méndez,+57 322 106 48 15,nalvarez@example.org,2024-10-12
330,Consuelo,Cano,4521631,,2025-03-04
331,Francisco,Villamil,57 605 888 11 03,william76@example.net,2025-07-10
332,Guillermo,Becerra,3238281268,kojeda@example.org,2024-04-09
333,Ligia,Gallego,01 8009 142 998,ruizoscar@example.com,2024-09-04
334,Carlos,Mosquera,57 609 814 78 51,,2024-06-20
335,Luisa,Ocampo,+57 320 895 78 76,,2024-05-20
336,Ana,Angulo,573165606561,morenovictoria@example.net,2025-04-29
337,Deisy,Palacio,325 923 56 90,dcano@example.com,2025-01-22
338,Carolina,Patiño,018007696838,luz48@example.net,2025-06-29
339,César,Becerra,+573251256517,garciadelia@example.org,2024-09-26
340,José,Cuesta,(+57)3115964906,,2024-10-15
341,Javier,Romero,3050588440,paezwilliam@example.com,2025-06-25
342,Jorge,Soto,+57 328 244 73 29,patriciagonzalez@example.com,2025-01-25
343,Laura,Gil,57 309 952 51 82,mercedeslopez@example.net,2024-10-29
344,Edison,Peña,573052425910,beltrancecilia@example.net,2024-11-07
345,Ana,Mejía,3164276434,,2024-08-18
346,Gregorio,Mendoza,573017754330,asolano@example.com,2025-08-05
347,Eduardo,Vásquez,315 320 66 75,camilo20@example.net,2024-12-24
348,Luisa,Vega,57 310 168 77 97,bmora@example.net,2026-03-24
349,Santiago,Duque,57 329 163 99 41,pinzonwilmer@example.net,2024-12-03
350,Andrés,Caballero,573157911761,rflorez@example.com,2025-05-29
351,Cecilia,Torres,+57 307 597 89 81,steven09@example.net,2025-04-13
352,Carmenza,Ruiz,+573258877732,rosalba03@example.com,2024-09-01
353,David,Torres,573033003485,,2025-07-31
354,Elmer,Martínez,573225125268,,2025-09-22
355,Eliana,Meneses,+573062622663,kevinvillamil@example.org,2024-07-30
356,Carlos,Caballero,+57 303 209 27 45,tovarmaria@example.org,2024-06-18
357,Jorge,Delgado,(+57) 301 559 75 99,felipe05@example.com,2024-11-22
358,Luz,Vega,(+57)3084869077,,2025-07-06
359,Gilma,Patiño,+57 608 264 83 95,,2025-03-04
360,Carol,Meza,01 8007 941 874,marinesther@example.net,2025-01-03
361,Alejandra,Bedoya,(+57) 601 791 65 37,,2024-05-20
362,Dora,Muñoz,+573117638443,,2024-05-21
363,Javier,Rojas,018009848978,,2025-10-11
364,Salvador,Quintero,018007156797,jimenezluz@example.org,2024-06-14
365,Jairo,Ocampo,(+57)6072530547,,2024-10-11
366,William,Mendoza,+573173939043,mariamejia@example.com,2025-03-22
367,Jaime,Ruiz,573201398914,carmonaandrea@example.net,2026-02-21
368,Yaneth,Serna,6041499274,juan59@example.com,2024-11-22
369,Alberto,Pérez,3029921213,rduarte@example.net,2025-10-04
370,Humberto,Tovar,6037408938,narvaezdary@example.org,2024-05-29
371,Helena,Sánchez,3943360,,2025-02-04
372,Marina,Saavedra,(+57) 607 422 48 04,velezedgar@example.com,2025-03-15
373,José,Ramírez,+57 313 852 06 57,,2024-04-14
374,Luis,Nieto,321 131 98 50,,2025-04-09
375,Alberto,Mora,300 781 88 25,mauricio92@example.net,2024-12-23
376,Mateo,Gómez,+57 311 052 39 78,,2026-02-11
377,Edwin,Vallejo,+57 326 471 00 56,obedoya@example.com,2025-03-06
378,Carlos,Camacho,314 901 39 48,castillomercedes@example.org,2026-03-11
379,Andrés,Mendoza,+57 302 087 36 77,,2025-08-16
380,José,Torres,(+57) 306 567 64 84,,2025-09-07
381,Elvis,Sandoval,+573186355983,elsasierra@example.net,2024-07-01
382,Sandra,López,317 869 52 55,romerolucia@example.net,2024-06-12
383,Gina,Gómez,(+57) 311 212 25 43,,2024-11-02
384,Augusto,Rodríguez,+57 308 199 70 29,vanesaforero@example.com,2025-01-30
385,Martha,Bermúdez,57 304 662 93 46,hugocorredor@example.com,2024-11-07
386,Patricia,Bastidas,320 810 47 26,ocampo27@example.com,2025-10-01
387,Esperanza,Martínez,+57 605 523 24 74,salazarmargarita@example.com,2026-01-17
388,María,Acosta,+57 603 310 28 71,,2025-04-14
389,Ana,Medina,+57 606 294 81 12,marialopez@example.org,2025-03-27
390,Alberto,Ocampo,(+57) 326 657 00 24,,2025-09-29
391,Hernán,Caicedo,(+57)3155558560,luis99@example.com,2024-05-20
392,Enith,Alzate,(+57)3137892900,,2024-08-31
393,Gladys,Velásquez,601 652 88 48,alfonsoguzman@example.net,2024-08-11
394,Myriam,Hernández,322 019 24 14,jhonacevedo@example.org,2025-10-31
395,Emilio,Villamil,6065448724,josebarrera@example.net,2024-05-17
396,Isabel,Moreno,576072560550,cesar87@example.com,2025-09-14
397,Amparo,Rivera,573149744591,carlostorres@example.com,2025-01-20
398,Tatiana,Acevedo,+573057355704,karolortega@example.net,2025-02-15
399,Jorge,Bravo,57 300 099 95 58,perezsofia@example.com,2024-08-26
400,David,Valencia,573147615190,,2025-03-16
401,Ernesto,Perdomo,+57 321 843 31 59,montenegromonica@example.net,2024-08-21
402,Elkin,Díaz,573018224582,,2026-01-02
403,Lucía,Rojas,428 75 17,egomez@example.com,2024-10-11
404,María,Mendoza,3262499502,forerovictoria@example.com,2025-04-06
405,Mateo,Barrera,3103512114,,2025-08-12
406,Mario,Guevara,57 322 710 37 69,ingridperdomo@example.org,2025-07-11
407,Andrés,Bastidas,57 310 878 36 19,ricardoortega@example.org,2024-08-09
408,Luis,Sierra,332 29 05,nuryespinosa@example.org,2025-09-12
409,Janeth,Delgado,(+57)3295158638,,2026-01-20
410,Felipe,Medina,018000470233,mesadaniela@example.com,2024-04-28
411,Nelson,Guerra,(+57)3125704214,pgiraldo@example.com,2025-10-30
412,Alexander,Torres,(+57)3257877100,larevalo@example.com,2024-03-29
413,Alexander,Pérez,326 502 23 09,ceciliarodriguez@example.org,2025-04-08
414,Martha,Rodríguez,6087144176,alberto53@example.net,2025-05-16
415,Lizeth,Ballesteros,+573101489915,paulamartinez@example.org,2025-06-19
416,Patricia,Melo,315 340 38 62,gbravo@example.org,2025-02-16
417,María,Pacheco,57 308 359 79 83,teresa86@example.com,2024-04-06
418,Cielo,Ruiz,638 99 70,,2026-01-08
419,Yaneth,Vargas,+573029633430,,2024-12-25
420,Fernando,Rueda,+573169391871,inesguzman@example.org,2024-05-23
421,Alberto,Córdoba,57 315 496 69 49,luis53@example.com,2025-03-15
422,María,Sánchez,573294236891,santiagogomez@example.net,2025-08-11
423,Humberto,Zapata,318 966 74 93,leonardo61@example.net,2025-07-08
424,Camila,Palacios,(+57)6033417828,cruzjoan@example.net,2025-11-03
425,Armando,Guzmán,320 245 85 24,antonio20@example.net,2024-11-05
426,Ivonne,Ruiz,(+57) 319 934 10 51,uospina@example.org,2025-09-10
427,Ángel,Ramírez,(+57)3238380156,rojasjose@example.com,2025-07-27
428,Diego,Pardo,(+57)3019300579,andresgallego@example.net,2025-12-30
429,David,Pineda,57 302 368 97 30,,2026-01-29
430,Ángel,Camargo,3970920,jhonpalacio@example.com,2024-04-28
431,Alberto,Díaz,57 601 835 83 02,rosalba36@example.com,2024-12-05
432,Omar,Muñoz,(+57)3152340819,,2026-02-21
433,David,Martínez,3070005990,,2025-01-22
434,Óscar,Salgado,573214523027,umonsalve@example.com,2025-01-10
435,Gloria,Sánchez,6038057689,humberto72@example.net,2026-01-30
436,Enrique,Maldonado,+57 318 282 69 44,vargasguillermo@example.com,2024-10-19
437,Luis,Rodríguez,3277167335,,2025-06-07
438,Jhonny,Barrera,57 303 926 12 83,qmartinez@example.org,2024-11-11
439,Paola,Velasco,57 310 498 84 19,carvajalcamilo@example.net,2025-07-22
440,Geovanny,Ramírez,(+57) 313 226 18 44,avilaomaira@example.net,2025-08-24
441,Viviana,Méndez,57 305 212 76 36,,2024-07-25
442,Olga,Carvajal,57 314 852 27 05,bcabrera@example.net,2025-11-15
443,Viviana,Gonzáles,(+57) 311 629 15 03,ginanarvaez@example.net,2024-10-02
444,José,López,(+57)3249149808,,2025-02-12
445,Jacqueline,Meneses,(+57)3285436131,fredyvalderrama@example.org,2026-03-22
446,Eugenia,Domínguez,+573039777130,jose73@example.com,2026-01-07
447,Luisa,Martínez,320 199 79 47,felipesandoval@example.com,2024-04-17
448,Alba,Galeano,428 16 05,wendy27@example.net,2025-09-23
449,Bertha,Correa,+57 608 627 11 58,,2024-09-20
450,Roberto,Mena,3141588237,hernandezjuan@example.net,2024-05-21
451,Ángela,Morales,312 615 57 05,mariavalencia@example.com,2025-03-18
452,Lorena,Gaviria,+57 300 567 18 18,vargasjulia@example.net,2024-08-29
453,Lucía,Agudelo,+57 329 174 91 09,guerrerocarmen@example.net,2025-12-24
454,Andrés,Delgado,(+57)3240817380,,2024-04-23
455,César,Correa,(+57) 306 087 11 43,carmenrodriguez@example.net,2024-11-29
456,Dary,Orozco,573118867401,garciavicente@example.com,2026-03-20
457,Socorro,Vargas,+57 321 002 83 97,edilma57@example.net,2024-11-18
458,Alexander,Carrillo,321 859 86 40,riveraaugusto@example.org,2025-06-05
459,Patricia,Torres,57 305 949 28 11,iflorez@example.net,2025-12-12
460,Héctor,Torres,1163523,,2024-11-24
461,Claudia,Naranjo,3207653013,,2025-03-03
462,Ariel,Gutiérrez,326 405 19 41,,2025-05-04
463,Blanca,Vega,576083442075,jimenezsofia@example.com,2025-03-21
464,Olga,Ospina,573285298145,munozluis@example.com,2025-05-07
465,Rubiela,Martínez,576059031087,fabio90@example.com,2025-10-12
466,Daniel,Escobar,+573189359676,,2025-01-24
467,Carlos,Campo,326 755 33 31,mariadelgado@example.com,2025-03-17
468,Henry,Álvarez,+573088591043,,2024-04-19
469,Yamile,Prieto,576021809793,andres82@example.org,2024-11-24
470,Marina,Espitia,57 321 565 62 75,paolaguerra@example.net,2024-06-02
471,Gloria,Ballesteros,3073656571,andrea06@example.net,2025-02-08
472,Andrea,García,3021942368,,2024-10-10
473,Carmen,Gómez,573158444166,enriquearias@example.org,2025-04-21
474,Estiven,Martínez,576017929737,wrivera@example.org,2024-11-29
475,Alberto,Moreno,(+57) 305 313 50 48,roamargarita@example.org,2025-09-23
476,Álvaro,Moreno,(+57) 311 714 39 86,bonillaantonio@example.net,2025-12-19
477,Manuel,Mora,576072603379,,2025-07-02
478,Adriana,Gil,322 317 83 14,amalia46@example.org,2026-03-25
479,Ever,Romero,+57 329 215 59 65,ehurtado@example.net,2025-08-07
480,Viviana,Sandoval,+57 603 933 99 09,ytorres@example.net,2025-05-31
481,Margarita,Salazar,(+57)3189381155,zosorio@example.org,2025-11-29
482,Fernando,Ibarra,018007920282,toroantonio@example.net,2024-04-30
483,José,Sarmiento,3091424960,doris05@example.org,2025-05-03
484,Marcela,Murillo,57 602 789 15 31,martinezpatricia@example.com,2025-05-19
485,Yanet,Cuéllar,+57 322 100 15 70,luisa62@example.com,2025-08-11
486,Carolina,Sánchez,018000197500,ospinadary@example.org,2024-12-28
487,Ángela,Parra,57 604 761 29 19,inesgarzon@example.org,2025-01-21
488,Andrés,Díaz,(+57) 308 686 50 38,qcamargo@example.com,2024-04-26
489,Antonio,Molano,+573142787931,sandraosorio@example.org,2025-04-19
490,Luz,Henao,+573067947051,pcardona@example.org,2024-05-15
491,María,García,+57 310 968 43 09,mariarodriguez@example.net,2025-02-22
492,José,Gutiérrez,602 385 50 84,,2026-03-13
493,Mabel,Arboleda,310 599 91 98,hugo60@example.org,2024-11-22
494,Zulma,Ortiz,3128639030,laraviviana@example.net,2026-01-25
495,Alonso,Giraldo,573060094022,josefina47@example.com,2025-04-24
496,Néstor,Caicedo,305 807 86 33,alexandraprieto@example.com,2026-03-09
497,Lucía,Quintero,+573113101802,guerraesther@example.net,2025-08-09
498,Enrique,Correa,3151434494,adrianahernandez@example.com,2025-03-13
499,Andrés,Rivas,(+57)3014591892,,2024-08-07
500,Fernanda,Alvarado,(+57)3126963350,acostaesperanza@example.org,2024-10-03
501,Eduardo,Ruiz,+573118713103,ucaro@example.org,2024-11-18
502,Marcos,Hernández,(+57) 320 862 97 40,ceciliagarcia@example.net,2025-11-18
503,Bertha,Castaño,+573190651712,albertosalgado@example.com,2024-10-04
504,Martha,Pinzón,+576031721170,jenny29@example.com,2024-09-17
505,Juan,Quintero,6082311973,castrillonofelia@example.net,2025-11-10
506,Jesús,Rodríguez,3015305314,quinterojhon@example.net,2024-10-17
507,Denis,Navarro,3268576637,sergiogutierrez@example.org,2025-07-29
508,Gilberto,González,606 983 00 66,patricialopez@example.net,2024-07-15
509,Yaneth,Andrade,(+57) 315 964 46 50,,2025-03-31
510,Juan,Torres,700 31 97,ines17@example.org,2025-09-15
511,Dolly,Sandoval,57 316 113 47 30,csoto@example.org,2026-01-01
512,Sofía,Rodríguez,315 770 73 62,,2025-03-11
513,Ángel,Díaz,+573211007921,mariarojas@example.org,2026-01-07
514,David,Ardila,01 8009 091 097,josedelgado@example.com,2025-11-02
515,Sara,Quiroz,+576079477326,rcastillo@example.org,2024-05-18
516,Ana,López,+573054752308,isabelcastillo@example.net,2024-09-05
517,Rosa,Jaimes,+57 607 934 86 98,josemartinez@example.net,2026-01-02
518,Yolanda,Sanabria,3072192690,xlopez@example.org,2024-11-20
519,Fabián,Gutiérrez,601 769 53 88,mgalvis@example.net,2024-05-31
520,Clara,Mosquera,3150605671,adrianaparra@example.com,2024-09-01
521,Manuel,Salazar,+57 312 686 52 37,nrodriguez@example.com,2024-10-10
522,Andrea,Calderón,320 413 59 14,steven12@example.net,2025-10-12
523,Daniel,Mesa,(+57)3182818050,juanbautista@example.net,2025-08-13
524,Doris,Gaitán,57 323 662 23 38,,2024-04-19
525,Consuelo,Páez,57 319 060 59 14,,2024-08-15
526,Dora,Vargas,609 316 84 21,agudelomichael@example.net,2025-08-08
527,Sandra,Marín,57 605 904 18 54,,2024-05-16
528,Elizabeth,Burbano,3277773617,fabiolacaicedo@example.net,2025-11-03
529,Paola,Ibarra,317 289 06 19,mariaquintero@example.com,2024-09-15
530,Manuel,Restrepo,573168132815,,2025-02-26
531,William,Vega,(+57)3029432985,,2025-02-23
532,Ricardo,Cruz,(+57) 602 532 79 83,mabelcastellanos@example.com,2025-10-04
533,Eduardo,Molina,312 329 11 77,paola79@example.org,2025-10-04
534,Angie,Torres,(+57)3279784346,,2025-01-24
535,Carlos,Sánchez,57 605 199 38 97,andrea78@example.net,2025-11-19
536,Olga,Bustos,(+57) 324 038 20 69,palaciosdario@example.net,2026-02-03
537,Sandra,Rentería,01 8004 235 843,maria63@example.org,2026-01-14
538,Carlos,Flórez,+57 323 674 87 82,udelgado@example.com,2024-07-02
539,Andrea,Arteaga,607 873 41 85,gloriatorres@example.net,2026-02-18
540,León,Rodríguez,8328297,amanda97@example.com,2025-11-04
541,María,Palacios,01 8004 013 584,rafael88@example.net,2024-04-22
542,Cristian,Mora,301 902 44 44,,2025-08-30
543,Juana,Rivas,(+57) 328 512 48 80,,2024-11-28
544,María,García,+57 303 705 09 67,mariasalcedo@example.com,2026-01-28
545,Javier,Agudelo,(+57) 325 721 43 00,,2024-04-10
546,Mauricio,Narváez,(+57) 300 093 12 82,manuelbravo@example.org,2024-04-21
547,María,Navarro,01 8008 554 001,barreraantonio@example.org,2024-11-18
548,Carlos,Carrillo,57 328 852 58 37,,2025-11-17
549,Eduardo,Molano,+57 314 960 78 56,ballesterosangie@example.net,2025-08-06
550,Patricia,Ramírez,301 619 48 45,felipe47@example.net,2025-07-24
551,Ana,Gutiérrez,6851816,marinliliana@example.org,2025-07-26
552,Andrés,Álvarez,57 608 523 35 09,ramosjose@example.org,2025-06-21
553,Hermes,Gómez,+57 304 113 06 70,anareyes@example.net,2024-04-23
554,Elsy,Jiménez,573130795069,torresjohan@example.com,2024-11-29
555,Manuel,Díaz,6024238975,,2025-11-22
556,Miguel,Pardo,(+57) 603 555 18 12,ortegablanca@example.org,2025-12-29
557,Isabel,Martínez,313 335 48 60,marthacastro@example.org,2026-02-19
558,Myriam,Pérez,(+57)3272311423,,2024-07-16
559,José,Arenas,327 742 66 63,cecilia72@example.net,2026-02-21
560,Juan,Ospina,(+57)3250092987,kevin44@example.org,2025-05-28
561,Marcela,López,622 49 53,,2025-06-01
562,Alfonso,Leal,573266575540,gabriela00@example.com,2025-05-23
563,Edna,Ardila,3397243,liliananarvaez@example.org,2025-08-21
564,Luis,Melo,+573178954436,,2025-04-17
565,Esteban,Correa,6032434599,flor46@example.com,2024-08-17
566,María,Guzmán,57 300 416 72 66,ygonzalez@example.net,2024-05-14
567,Gloria,González,3053210055,xrojas@example.org,2024-08-24
568,Cielo,Lara,+576017841362,,2025-05-20
569,Humberto,Pérez,573160598421,mmeneses@example.org,2025-08-05
570,Laura,Gutiérrez,57 316 471 43 13,ruizmichael@example.net,2025-06-27
571,Antonio,Serrano,57 303 811 39 32,garzonangela@example.net,2025-12-18
572,Carlos,Díaz,(+57) 324 795 72 15,bolivarcamila@example.com,2026-02-10
573,Alexander,Delgado,3063554993,,2024-11-29
574,Edgar,Muñoz,(+57)3243230591,ggonzalez@example.com,2026-03-20
575,Fabián,Mosquera,(+57) 608 415 42 08,yolimadelgado@example.net,2024-09-03
576,Yineth,Alarcón,602 983 84 46,,2025-08-05
577,Álvaro,Prada,57 326 891 29 73,hmoreno@example.net,2025-07-07
578,Jairo,Gómez,2989568,,2024-05-25
579,Javier,Aguilar,6042605017,,2026-02-27
580,Fabián,Salazar,573051046980,jhon76@example.org,2024-05-23
581,Enrique,Ardila,389 24 05,kmolina@example.com,2025-07-10
582,Santos,Álvarez,(+57)3228583115,dariotovar@example.org,2025-12-12
583,Vicente,Gutiérrez,+573247345127,fnaranjo@example.org,2024-05-28
584,Diana,Mantilla,(+57) 605 369 02 74,maritza46@example.net,2026-03-03
585,Ana,Bolívar,+573132489476,florezana@example.org,2025-12-24
586,Mario,Torres,(+57) 320 002 48 97,consuelosalazar@example.net,2025-05-24
587,Betty,Restrepo,(+57)3264864092,quinteroelsy@example.org,2025-03-09
588,Cecilia,Jiménez,607 743 92 79,,2024-10-23
589,Diego,Palacios,573278920511,,2024-07-20
590,Marcela,Garcés,(+57)3081734929,ivelasquez@example.org,2024-04-21
591,José,Guerrero,+57 319 454 26 53,nubia02@example.org,2024-12-10
592,María,Rojas,+573213640365,,2025-03-03
593,María,Cáceres,8440445,erodriguez@example.net,2025-04-23
594,Maritza,Salcedo,(+57)3115456500,julioorjuela@example.net,2026-03-03
595,Orlando,López,573266536626,fredygarcia@example.net,2024-08-24
596,Yuliana,Luna,+57 315 734 34 29,villamiljose@example.com,2026-02-03
597,Octavio,Rodríguez,(+57)3012781362,valenciamaria@example.org,2025-09-24
598,Julieth,Ortega,+57 303 111 49 59,joan84@example.net,2026-02-13
599,Fernando,Galeano,327 599 84 98,,2025-10-19
600,María,Villamizar,325 183 57 54,jaramillolucia@example.com,2025-06-28
601,Mauricio,García,+573137154094,,2024-03-30
602,Carmen,Álvarez,(+57)3223475974,oramirez@example.net,2025-09-22
603,Vanesa,Arrieta,309 142 34 76,vblanco@example.org,2025-04-03
604,Lizeth,Mosquera,(+57) 605 906 01 26,,2024-04-15
605,Sebastián,Carvajal,3170748206,,2025-04-25
606,Margarita,Martínez,(+57)3238199735,operez@example.net,2025-08-12
607,Luisa,Medina,(+57)3115387139,mariacifuentes@example.org,2025-07-30
608,Lucía,Arrieta,573134352580,cabreraandrea@example.org,2025-10-14
609,Sonia,Rodríguez,+57 322 918 54 09,albavelasco@example.com,2025-01-17
610,Eduar,Palacio,+57 316 403 32 51,herrerajose@example.org,2025-09-07
611,Wilmer,González,57 321 806 45 19,riosmarina@example.net,2025-04-02
612,Jair,Guzmán,573299813500,,2025-07-30
613,Yolima,Angulo,(+57) 302 719 64 19,mendezandres@example.org,2025-10-01
614,Mauricio,Bernal,+573244371950,,2025-03-08
615,Cecilia,Ortiz,9597165,,2026-02-03
616,Andrés,Bravo,326 404 03 62,,2024-07-27
617,David,Quiroga,329 132 14 74,pgonzalez@example.org,2025-07-05
618,Alba,Amaya,(+57) 309 562 78 17,olga85@example.net,2025-04-20
619,Arturo,Valencia,018007471384,raul72@example.net,2024-05-13
620,Fernando,Díaz,(+57)3127436352,,2024-10-18
621,Diego,Medina,+57 305 754 24 89,,2025-03-13
622,Paola,Flórez,+576097133952,marinatorres@example.org,2024-04-23
623,Dario,Chacón,(+57)3098595873,,2025-09-04
624,John,Moreno,(+57)3293908614,vasquezjuan@example.net,2024-09-22
625,Andrés,Pabón,+573131645856,,2025-07-20
626,Astrid,Fernández,+573170245125,,2025-03-12
627,Rafael,Garzón,(+57) 305 689 29 27,jhenao@example.org,2024-10-29
628,Pedro,Arias,+573175844072,uduran@example.com,2026-03-22
629,Alberto,Hurtado,2267579,dayana03@example.net,2025-07-26
630,Luz,Rangel,+573142018982,julianmendoza@example.net,2024-07-09
631,María,Contreras,(+57)3196036359,carlos16@example.net,2025-11-17
632,Yéssica,Hernández,01 8005 841 178,,2025-09-05
633,Ana,Jiménez,(+57) 306 909 83 20,mariasoto@example.com,2025-06-25
634,Eliecer,Mosquera,+573165763225,,2025-11-29
635,Sandra,Naranjo,018000501479,luisa28@example.com,2024-04-30
636,Marta,Cárdenas,(+57) 609 359 55 04,bquintero@example.org,2025-01-15
637,José,Ramírez,+57 322 876 05 22,perezluis@example.com,2024-05-11
638,Ruth,Arboleda,(+57)3056324248,julian02@example.com,2024-07-27
639,Leidy,Cortés,327 672 45 45,mauricioavila@example.org,2026-02-16
640,Alexander,Montes,(+57)3045350783,ngaitan@example.com,2024-06-14
641,Gerardo,Torres,(+57) 301 697 14 58,wmurillo@example.com,2024-09-29
642,Fabián,Posada,(+57) 309 190 89 17,,2025-08-27
643,Katherine,Castro,576035650410,diegocalderon@example.org,2024-04-28
644,Adalberto,Montes,322 298 67 78,,2025-08-28
645,Alirio,Forero,405 94 40,nidia10@example.org,2024-04-02
646,José,Montes,329 812 36 33,laura80@example.com,2026-01-08
647,Arley,Sierra,+573250664935,,2024-09-26
648,María,Rengifo,576036942030,sanchezmilena@example.org,2024-09-10
649,Lizeth,Martínez,+57 314 403 53 38,barriosalonso@example.org,2024-12-13
650,José,Martínez,+57 609 823 42 48,,2024-09-07
651,Angélica,Duarte,018003203498,andres26@example.org,2025-10-05
652,María,Ramírez,(+57)3251482850,rvilla@example.com,2025-07-12
653,Cindy,González,(+57)3277831320,bpacheco@example.com,2024-07-17
654,Fernanda,Henao,+576031807015,,2024-08-29
655,Diana,Agudelo,6062048910,,2025-05-28
656,Javier,Valencia,(+57)3182722601,brodriguez@example.net,2024-08-09
657,Omar,Gómez,365 39 09,,2025-02-12
658,Johnny,Erazo,+573015746354,norozco@example.com,2025-02-20
659,Alejandro,Calderón,57 304 532 63 13,margarita13@example.com,2025-09-16
660,Rosa,Hernández,+57 604 119 95 57,orozcomilena@example.com,2024-12-31
661,Carlos,Arias,+573206107721,,2025-05-04
662,Luz,Sandoval,3058819129,,2025-08-26
663,Pablo,Delgado,6049291144,,2024-09-11
664,Wilfrido,Quintero,+57 322 835 42 46,camilo41@example.net,2025-02-03
665,Jhony,Hernández,018001973543,gballesteros@example.org,2025-07-01
666,Cristian,Rueda,57 329 075 98 87,zmurillo@example.com,2024-11-20
667,Leydi,Franco,01 8006 086 355,sgonzalez@example.org,2025-06-19
668,Patricia,Arenas,606 111 74 37,ymartinez@example.org,2025-07-24
669,David,Patiño,+576065144268,,2025-04-17
670,Leonor,Blanco,57 326 345 09 43,,2026-01-15
671,Eliecer,Contreras,304 162 16 89,,2025-03-25
672,José,Pérez,(+57)3093138066,elenacortes@example.net,2025-06-13
673,Augusto,Zambrano,8660185,cardonamarcos@example.org,2025-07-22
674,Adriana,Miranda,01 8005 135 430,gomeznancy@example.net,2024-05-23
675,Orlando,Suárez,573011721136,alexis02@example.org,2024-09-08
676,Carlos,Montenegro,+573068061852,yortiz@example.net,2025-11-22
677,Cecilia,Gómez,654 35 23,,2024-11-03
678,Felipe,Ortiz,(+57) 305 096 93 16,hernandezyaneth@example.org,2024-09-27
679,Andrés,Barrios,018000125244,isabellondono@example.org,2025-02-15
680,Luz,Sánchez,018009933178,marlenbetancur@example.com,2025-03-09
681,Felipe,Torres,(+57) 315 891 48 46,mercedessierra@example.com,2024-07-11
682,Manuel,Restrepo,+576086552107,mariacordoba@example.com,2025-03-18
683,Sofía,González,57 603 958 38 09,uosorio@example.net,2025-04-08
684,Alexander,Molina,+573271339895,,2026-02-06
685,Irma,Gómez,3230572289,mcardozo@example.com,2025-11-26
686,Adriana,Manrique,(+57) 314 230 68 42,cpena@example.com,2025-02-02
687,Teresa,Castellanos,573196529995,,2025-08-15
688,Jhon,Riascos,+57 606 619 04 94,,2025-05-09
689,Eduard,Fonseca,57 609 551 19 45,montoyacarlos@example.net,2024-10-15
690,Sandra,Castro,(+57) 323 423 24 13,luzgamboa@example.com,2025-07-24
691,Ana,Duarte,484 72 66,jorge21@example.com,2025-08-03
692,Martha,Roa,(+57) 318 768 86 09,bcaro@example.com,2024-11-28
693,Carolina,Salas,576077300912,,2025-03-15
694,Ferney,Duque,325 003 23 31,,2025-01-30
695,Andrés,Bedoya,584 84 84,luis42@example.org,2025-08-20
696,Gabriel,González,018001421896,antoniobejarano@example.org,2024-05-22
697,Carolina,Leal,+576076837482,,2024-10-19
698,Andrea,Suárez,+573251500584,,2024-08-25
699,Jhon,Olaya,6095365160,,2024-07-27
700,Christian,Silva,(+57)3092248432,menesesanderson@example.com,2025-08-08
701,William,Restrepo,(+57)6042323547,,2025-11-03
702,Tatiana,Garzón,5350579,andrestorres@example.com,2025-12-26
703,María,Vargas,01 8000 520 475,astridamaya@example.org,2024-04-13
704,Luis,Molina,(+57)3248819800,ogonzalez@example.org,2024-10-07
705,Edwin,Hernández,573018652534,,2025-06-06
706,Yolanda,Morales,3095818468,,2025-04-11
707,Fabián,Díaz,3009909350,,2024-05-07
708,Juan,Rodríguez,(+57) 606 660 39 85,,2025-06-30
709,Gloria,Valencia,3077505204,,2024-05-10
710,Nancy,Palacios,576066863653,zrojas@example.net,2024-04-28
711,Marcela,Jaimes,573264214196,,2025-08-11
712,Juliana,Hernández,(+57) 322 735 56 07,,2025-01-20
713,Carlos,Alzate,+573063092224,,2025-08-07
714,Stella,Romero,+573213214216,mariabedoya@example.org,2025-01-02
715,Marcela,González,3243683382,vmedina@example.org,2025-10-23
716,Aurelio,Gómez,(+57) 602 571 71 90,cardenasrosa@example.net,2024-12-25
717,Germán,Pérez,+576036183527,sjaimes@example.com,2025-08-09
718,Andrés,Palacios,+57 608 196 54 80,aliriosanchez@example.com,2025-07-19
719,Edilberto,Puentes,3287303860,jaime17@example.net,2026-02-27
720,Martha,Maldonado,57 601 915 42 69,,2025-04-07
721,Eduardo,Gaviria,(+57) 313 419 22 52,nmedina@example.net,2026-01-31
722,Daniel,Martínez,6045837504,paolamendoza@example.net,2024-04-14
723,Beatriz,Ortiz,573256825289,ceballosdaniel@example.org,2024-09-21
724,Erika,Buitrago,+57 305 580 24 38,hrodriguez@example.net,2025-04-22
725,Jhon,Cárdenas,2657436,xbustos@example.com,2025-03-08
726,Nayibe,Acevedo,+573298905889,,2025-09-29
727,Ricardo,Álvarez,(+57) 305 245 54 76,,2025-07-04
728,Orlando,Suárez,018004710690,mariaalvarez@example.org,2026-02-05
729,Alfonso,García,+57 308 758 66 86,mariacaceres@example.org,2025-09-23
730,Juan,Zambrano,(+57)3011660706,augustovalderrama@example.com,2025-07-26
731,Andrés,González,3130275063,samir75@example.com,2024-04-11
732,Alexandra,Quintero,573264658073,judith03@example.com,2025-08-06
733,Alexander,Moreno,+57 608 607 16 49,,2024-05-20
734,Manuela,Duque,320 705 39 66,adolforodriguez@example.com,2024-06-11
735,Horacio,Vargas,+57 302 818 61 58,patriciacardenas@example.org,2025-04-01
736,Blanca,Ruiz,(+57)3199222390,aida79@example.com,2026-03-29
737,Luz,Cano,(+57) 324 018 83 62,maria30@example.net,2025-09-15
738,Luz,Bolívar,57 313 218 69 86,fajardosonia@example.org,2025-10-17
739,Mercedes,Rangel,(+57)3188519583,pguzman@example.net,2025-10-15
740,César,Herrera,(+57) 308 590 73 66,humberto72@example.org,2025-04-03
741,María,Cárdenas,6088671092,jhonlondono@example.com,2026-01-06
742,Amparo,Cuéllar,(+57) 603 492 52 34,sandra36@example.org,2025-04-30
743,David,Ramos,(+57)3031265317,patricia37@example.org,2024-09-02
744,Gladys,Castro,6083302187,andres31@example.com,2025-07-13
745,Yineth,Serna,576036777523,,2025-06-15
746,Yolanda,López,(+57) 601 502 17 13,,2024-12-01
747,Luz,Rojas,6057236269,tangel@example.com,2025-05-30
748,Verónica,Quintero,+57 607 675 99 84,crangel@example.com,2025-10-30
749,Carmen,Ibarra,(+57) 606 387 83 48,wortiz@example.com,2024-09-19
750,Gustavo,Jiménez,57 323 620 12 45,palaciospatricia@example.org,2025-07-29
751,Dahiana,Beltrán,3090112,fguevara@example.org,2024-05-25
752,Jhon,Jaimes,+57 313 400 02 32,arboledagraciela@example.org,2025-06-13
753,Luis,Garcés,018009487141,,2024-12-29
754,Raúl,Torres,300 729 32 43,,2024-12-17
755,Edna,Acosta,(+57) 316 026 51 61,fabianescobar@example.net,2024-11-13
756,Jairo,Londoño,231 07 05,,2025-08-29
757,María,Acosta,+573114735676,krengifo@example.com,2024-04-30
758,Patricia,Andrade,(+57)6063385073,,2024-03-29
759,Tatiana,Reyes,(+57) 303 309 36 03,jacevedo@example.net,2026-03-13
760,Dayana,Molano,57 327 756 51 29,bflorez@example.net,2025-08-06
761,Stella,Hernández,57 300 996 28 87,spacheco@example.com,2026-02-14
762,Cristian,Aguirre,3079798061,german52@example.com,2025-10-29
763,Sandra,Giraldo,(+57) 329 716 40 17,,2025-09-28
764,Cecilia,Díaz,(+57) 316 324 40 03,diego90@example.com,2025-06-14
765,Juana,Bastidas,018008552010,ricardo57@example.com,2025-12-17
766,Leidy,Ojeda,01 8007 497 331,josefinaguzman@example.com,2024-09-15
767,Nelcy,Quintero,310 972 70 61,,2025-12-22
768,Javier,Barrios,01 8001 368 091,,2024-12-26
769,Andrés,Obando,4669779,,2024-12-19
770,Jhonatan,Chávez,(+57)3194075001,,2024-07-14
771,Yenny,Ramírez,3014402090,,2024-04-17
772,Yuliana,Martínez,301 055 34 13,,2025-08-31
773,Margoth,Ariza,576069872669,lgutierrez@example.org,2024-10-13
774,Edilma,Niño,309 721 19 41,luis23@example.net,2024-12-16
775,Sofía,Vargas,(+57) 602 330 61 99,,2024-08-17
776,Cielo,Torres,(+57) 606 337 73 13,,2024-06-06
777,Jimena,Bolívar,3124272639,carlosburbano@example.org,2025-05-04
778,Gisela,Guevara,306 129 30 78,,2024-07-12
779,Alba,Medina,609 380 21 26,ramirezaura@example.net,2024-04-29
780,Marina,Moreno,(+57) 324 324 83 95,luzcastro@example.com,2025-01-07
781,Manuel,Rodríguez,3173204196,orozcobibiana@example.com,2024-05-16
782,María,Valencia,3265937521,arteagadanilo@example.org,2026-01-11
783,Adriana,Buitrago,321 489 50 44,alonso42@example.org,2025-11-07
784,Edwin,Rodríguez,573227112435,tmendez@example.net,2025-06-08
785,Patricia,Páez,573182951062,luis48@example.net,2024-12-23
786,Judith,Méndez,+576072540769,fernando87@example.com,2025-03-20
787,Edgar,Pardo,+57 601 246 27 65,aortiz@example.org,2024-07-15
788,Ingrid,Castillo,018009630722,mariarueda@example.com,2024-07-17
789,Alfonso,Fernández,(+57) 312 988 68 57,paolagutierrez@example.org,2025-06-17
790,Eliana,Cruz,+573290857043,,2025-10-20
791,Esther,Ramírez,57 312 879 79 80,,2026-01-01
792,Mónica,Suárez,+57 327 786 51 63,cristiancalderon@example.net,2025-03-22
793,Flor,Moreno,(+57) 301 874 97 40,elena73@example.net,2025-05-11
794,Cristhian,Rincón,3054562215,carlos57@example.org,2026-03-20
795,Andrés,Cárdenas,(+57) 301 157 89 14,,2024-10-05
796,Óscar,Mosquera,(+57)6092892961,diana79@example.net,2024-06-09
797,Víctor,Torres,867 89 18,mlopez@example.net,2025-02-09
798,Ángel,Martínez,318 492 28 82,bladimir82@example.org,2024-06-23
799,Constanza,Galindo,+573077141794,jorge39@example.net,2026-03-16
800,Ruth,Restrepo,018009909330,ricoyadira@example.com,2026-01-17
801,Sandra,Cárdenas,(+57)3192489391,,2024-08-09
802,Blanca,Arenas,(+57) 328 622 37 61,,2024-03-29
803,Rosalba,Parra,3174527127,miguel42@example.net,2025-12-18
804,Juan,Acevedo,573288777468,ncontreras@example.com,2024-08-27
805,Enrique,Ruiz,(+57) 606 949 46 40,,2024-12-06
806,Gabriel,Vargas,+573213885103,angela44@example.com,2025-03-26
807,Gladys,Hoyos,(+57)3244927120,margaritalara@example.org,2026-03-05
808,David,Durán,01 8003 086 524,,2024-07-04
809,Mabel,Meneses,+57 309 098 27 12,anavelandia@example.org,2024-04-01
810,Armando,Arboleda,+57 301 833 59 37,nsanchez@example.net,2024-04-16
811,Lucía,Luna,573019797988,maritzacabrera@example.org,2025-08-30
812,Dolores,Vanegas,+57 319 542 79 09,,2025-05-15
813,Rolando,Ruiz,+57 601 161 05 08,luciarubio@example.com,2025-01-04
814,Enrique,Moreno,573098349027,,2025-07-12
815,Lucía,Díaz,573210073563,jesusmeneses@example.net,2025-03-12
816,Alexander,Vélez,573226167324,miltonmontoya@example.org,2024-08-14
817,Marina,Jiménez,+57 306 821 79 09,,2025-01-06
818,María,Pérez,+573253273470,,2025-04-26
819,Iván,Benavides,314 027 41 97,rosadiaz@example.net,2024-08-06
820,Andrés,Moreno,018004618614,guerreroclemencia@example.net,2025-07-05
821,Isaac,Naranjo,018002765250,,2024-11-19
822,Irma,Rivera,+573175298061,xcastillo@example.net,2024-05-29
823,Pablo,Suárez,(+57)3198482573,martinezelena@example.com,2026-03-15
824,Mariela,Garcés,+57 302 350 78 10,javierperez@example.com,2024-05-25
825,Hernán,Torres,01 8008 058 180,,2025-07-06
826,Amparo,Escobar,01 8003 607 791,ncastano@example.com,2024-04-06
827,Gustavo,Osorio,(+57) 304 776 26 84,ycarrillo@example.org,2024-03-30
828,Andrea,Pérez,+57 604 237 55 27,,2024-10-05
829,María,Moreno,7941546,,2025-04-07
830,Daniel,García,604 458 28 64,antoniogomez@example.org,2024-08-01
831,Gloria,Orozco,5352421,rpaez@example.org,2025-07-11
832,José,Lozano,+573083078007,marcelagonzalez@example.org,2025-07-18
833,Junior,Mercado,3142311625,,2026-01-26
834,Edwin,Mosquera,+57 605 999 08 23,myriamgonzalez@example.org,2025-01-01
835,Karina,Ortega,3280602462,tparra@example.org,2025-09-03
836,Lilian,Orjuela,(+57)6031526944,alfonsouribe@example.com,2025-12-07
837,Hernán,Castro,6071432527,yanethmarin@example.com,2025-05-03
838,Yesenia,García,57 608 238 62 33,jmartinez@example.net,2024-05-26
839,Shirley,Ríos,573142097529,solanojairo@example.com,2024-11-07
840,Mauricio,Monroy,573272816536,,2025-12-12
841,Eduardo,Guerrero,(+57) 320 017 76 66,gortiz@example.org,2024-07-04
842,Carlos,Díaz,018002595635,ariascristina@example.net,2024-04-02
843,Cristina,Garzón,01 8006 809 292,lozanojuan@example.com,2025-11-24
844,María,Rojas,(+57) 313 511 56 70,,2024-07-21
845,Alejandro,Rojas,01 8007 090 800,tlopez@example.org,2025-10-07
846,Vanessa,Moreno,324 023 99 33,,2025-03-17
847,Guillermo,Arias,57 315 322 73 53,hernandovalderrama@example.com,2024-06-08
848,Antonia,Patiño,+57 309 664 59 53,pablojaramillo@example.org,2025-08-23
849,Eugenia,Acevedo,+57 306 794 76 66,henaoadriana@example.org,2024-09-14
850,Henry,Guevara,(+57) 601 658 19 66,,2024-11-16
851,Rubiela,Palacios,(+57)6029765595,ymora@example.net,2025-03-20
852,Esperanza,Quintero,(+57)3050187162,,2024-12-26
853,Clara,Mendoza,(+57) 609 956 51 50,luisalzate@example.org,2025-02-15
854,Álvaro,Ortiz,3236610601,,2024-12-23
855,Nubia,Suárez,325 931 59 83,alexander29@example.net,2025-09-16
856,Edgar,Jiménez,3059285669,alberto09@example.net,2024-05-24
857,Patricia,Vargas,3169395540,contreraspaola@example.org,2026-01-04
858,Patricia,Tamayo,+57 313 507 81 78,,2025-08-10
859,Ramiro,Sánchez,607 817 81 24,nzuluaga@example.org,2025-11-22
860,Luis,López,57 609 492 48 45,,2024-04-05
861,Edgar,Ramos,573213284916,suarezmauricio@example.net,2025-03-30
862,Sandra,Rivera,323 298 80 49,catalina35@example.org,2025-02-10
863,Blanca,Torres,573035350931,barretomiguel@example.net,2026-02-16
864,Carlos,Ramírez,3074501510,maria70@example.com,2024-12-27
865,Mary,Serna,(+57) 307 648 47 30,dperez@example.com,2024-11-24
866,Santiago,Páez,318 948 20 09,sandra64@example.org,2025-10-07
867,Rafael,Orozco,57 607 626 97 33,camilo40@example.com,2025-03-08
868,Ever,Vargas,316 537 06 86,,2026-01-04
869,Cecilia,Pabón,573156885934,riveraalexandra@example.org,2025-08-09
870,Alexander,Medina,01 8005 885 926,zsanchez@example.com,2025-09-01
871,Santiago,Moreno,+573026754769,juanzapata@example.org,2025-10-19
872,Victoria,Melo,+573254343378,xrodriguez@example.org,2026-02-07
873,Rosa,Rojas,+576076663551,amparo93@example.org,2026-03-11
874,Andrés,Rodríguez,+57 314 913 28 60,gloria72@example.org,2025-01-19
875,Mariela,Duarte,57 317 145 08 20,sandraacevedo@example.com,2024-07-03
876,Carlos,Vásquez,573124767376,,2024-06-05
877,Jacqueline,Rodríguez,+57 307 739 09 98,igaitan@example.org,2024-07-13
878,Ana,Marín,3065357701,carlos16@example.com,2025-12-31
879,Alejandro,Parra,+57 325 851 51 28,guillermo56@example.com,2025-09-06
880,Zoraida,Torres,+57 324 163 86 60,,2024-11-22
881,Julián,Gómez,(+57)3071432088,albachacon@example.net,2026-03-08
882,José,Suárez,+57 314 423 57 44,marcela31@example.com,2026-02-04
883,María,Torres,+57 304 763 03 18,gutierrezalejandra@example.net,2025-10-05
884,Dario,Puentes,3179464962,,2024-05-09
885,Alexander,Becerra,7852966,julianmena@example.com,2024-09-13
886,Juan,Gaitán,(+57) 314 872 79 65,,2024-08-14
887,Kelly,González,+57 318 978 48 53,rengifoalonso@example.com,2025-04-25
888,Johana,Alvarado,324 230 44 99,,2026-01-01
889,Jorge,Ramírez,+573180387690,,2025-10-12
890,Jorge,Morales,3149599300,cuestaelizabeth@example.org,2025-09-03
891,Angélica,Salazar,494 50 93,,2026-02-24
892,Alba,Contreras,+573077965214,liliana52@example.org,2025-11-25
893,Teresa,Cardona,01 8006 704 831,osalazar@example.net,2024-09-09
894,Adolfo,Pérez,576071259809,,2024-06-19
895,Luis,Arévalo,+57 305 484 11 77,,2025-12-11
896,Santiago,Prada,(+57) 300 302 01 03,martinezdaniel@example.org,2025-10-23
897,Yenny,Obando,57 307 764 75 23,marielaparra@example.org,2025-10-14
898,Javier,Zapata,57 325 328 19 93,acantillo@example.org,2024-04-14
899,Rosa,Gutiérrez,57 320 981 84 75,edilson12@example.com,2026-03-27
900,Diana,Vargas,+57 318 476 54 30,marcela43@example.org,2024-08-19
901,Magda,Romero,018009835368,,2025-12-24
902,José,Pérez,608 586 92 13,,2025-06-09
903,Andrés,Mosquera,+57 304 758 44 79,fcorrea@example.org,2025-03-29
904,Andrés,Acosta,+57 306 107 04 16,julianaburbano@example.net,2025-04-09
905,Eduardo,Carvajal,420 82 12,yrubio@example.org,2024-10-17
906,Alonso,Jiménez,018004254044,flor45@example.net,2024-05-11
907,Sebastián,Ruiz,3048585609,,2025-05-19
908,Jorge,Martínez,3189872779,thernandez@example.net,2024-12-09
909,David,Pineda,57 322 943 66 68,vrodriguez@example.net,2024-05-07
910,Diana,Rojas,896 75 02,,2026-02-17
911,Arturo,Giraldo,(+57)3007439387,hernandoquiroga@example.com,2025-07-16
912,Ana,Padilla,+573163492704,lucy97@example.net,2024-08-02
913,Elizabeth,Fernández,573289512598,rodrigofranco@example.org,2024-04-20
914,Elver,Hernández,(+57) 326 715 07 67,alberto77@example.net,2024-10-28
915,Angie,Carmona,3164322483,,2026-03-16
916,Óscar,Andrade,+573246819694,bmena@example.com,2025-01-05
917,Germán,Camacho,(+57)3121047775,eduardovelasquez@example.org,2025-08-10
918,Óscar,Ibarra,57 328 301 65 51,,2025-04-08
919,Ana,Torres,+57 602 144 91 00,magdalena04@example.com,2024-07-15
920,Mary,Ospino,316 728 36 77,josecaro@example.org,2025-10-18
921,Sebastián,Garcés,+573126319055,castroviviana@example.com,2025-08-12
922,Mercedes,López,576048208021,omendez@example.org,2024-05-13
923,Martha,Orozco,6049576366,,2025-06-15
924,Kelly,Pineda,01 8007 920 218,wariza@example.net,2025-02-08
925,Luis,González,852 14 86,,2024-08-26
926,Pablo,Contreras,(+57)3261063589,,2024-04-16
927,Juliana,Jaimes,139 07 30,brandon48@example.org,2025-12-05
928,Karina,Hoyos,+57 606 598 59 09,oswaldo06@example.org,2024-05-18
929,Tatiana,Sierra,(+57)3144391624,itovar@example.org,2025-11-24
930,Jhon,Pérez,573106668473,,2025-10-15
931,Dora,Pérez,573235193793,hernandezluis@example.org,2025-07-31
932,Manuel,Sierra,1248179,lsanchez@example.com,2024-09-16
933,Yolanda,Blanco,576021856256,villamizarlaura@example.org,2025-04-10
934,Claudia,López,01 8008 646 325,karteaga@example.com,2024-07-25
935,María,Castillo,018000889257,javier34@example.org,2025-01-28
936,Mabel,Giraldo,3246764834,,2025-10-14
937,Yesid,Arboleda,300 618 99 87,gorozco@example.com,2024-12-13
938,Óscar,Villamil,(+57) 304 922 69 90,,2025-12-26
939,Cristian,Restrepo,+57 309 043 14 25,angelasierra@example.com,2024-09-24
940,Rocío,Velasco,3013455715,wilmergaviria@example.org,2025-08-09
941,Marta,López,+573060512322,moralesivan@example.net,2025-05-17
942,Patricia,Carmona,573150112708,edwingomez@example.com,2026-01-18
943,Carmen,Garzón,+57 322 446 51 84,,2025-11-15
944,Cielo,Moreno,+576095408452,johana90@example.com,2025-11-06
945,Carlos,Benavides,(+57) 319 670 07 61,,2025-06-18
946,Milena,Silva,6029228775,jairo33@example.com,2025-09-11
947,Héctor,González,57 302 742 36 36,isabel61@example.com,2024-11-16
948,Gloria,Jaramillo,573136281453,solanoana@example.com,2025-09-23
949,Inés,Soto,(+57) 602 261 90 76,marino28@example.com,2024-11-19
950,Diego,Aguirre,3207544315,humberto08@example.net,2025-05-15
951,Esneider,Jaimes,57 609 369 71 13,carolinapaez@example.org,2025-05-07
952,William,Ríos,8622768,yenylozano@example.net,2024-09-10
953,Aurelio,Morales,3259748979,imartinez@example.net,2024-04-03
954,Fabián,Agudelo,(+57)6054060425,henry43@example.com,2026-03-15
955,Julio,Riascos,330 37 27,paulaarango@example.com,2026-01-06
956,Elvia,Salas,+573230213768,ivanrincon@example.net,2026-03-09
957,Cristina,Martínez,3070516366,,2025-07-14
958,Julieth,Ramírez,573294115260,mosquerajorge@example.net,2025-06-23
959,Karina,Vargas,573090174080,parrajose@example.com,2025-08-02
960,Manuel,Angulo,57 605 863 78 67,gomezluz@example.com,2025-11-22
961,Fernanda,Rendón,57 310 649 62 94,mary14@example.org,2026-02-26
962,Henry,Caicedo,(+57) 310 967 76 22,,2025-08-13
963,Ocampo,Hernández,+576053873765,andres03@example.org,2025-06-02
964,Alonso,García,(+57) 318 578 21 81,andreabarragan@example.net,2024-06-19
965,Rocío,Ruiz,01 8008 574 616,beatrizcano@example.com,2025-03-13
966,David,Sanabria,3057357927,ernesto97@example.org,2025-05-06
967,Andrés,Cortés,018009348511,jesus38@example.org,2024-12-04
968,Arturo,Mosquera,814 88 04,yolanda43@example.org,2024-11-16
969,Walter,Rodríguez,3129426542,,2025-08-23
970,María,Blanco,(+57) 311 388 03 73,clara70@example.net,2024-09-22
971,Luisa,Rengifo,747 78 22,david42@example.net,2025-08-19
972,Ángela,Contreras,(+57) 305 299 85 21,,2025-04-04
973,Luis,Martínez,+57 311 599 77 97,cabreraraul@example.com,2025-11-06
974,Fernanda,Rincón,+57 603 896 06 20,,2025-11-27
975,Paola,Ramírez,606 311 36 42,andres91@example.org,2024-03-29
976,Matilde,Cuéllar,550 91 24,murciamauricio@example.org,2025-12-14
977,Alba,Hernández,(+57)3158037638,aamaya@example.com,2025-11-12
978,Liseth,Durán,(+57)3081720963,nbermudez@example.org,2024-11-15
979,Alejandro,León,+573105849381,johanaalfonso@example.org,2024-11-10
980,María,Herrera,+573111248232,stivenzapata@example.org,2025-04-10
981,María,Barrera,(+57)3183395126,,2025-11-29
982,Roberto,Rosero,018001239400,leonardo11@example.com,2025-05-15
983,Alonso,Sánchez,573271090302,marinjorge@example.com,2024-05-29
984,Carlos,Gallego,57 605 404 59 88,,2026-01-17
985,Mario,Sánchez,323 239 45 63,,2024-10-31
986,Sandra,Fuentes,3109961716,ceciliamosquera@example.net,2024-05-02
987,Bernardo,Caicedo,6012457170,,2025-02-09
988,Martha,Jaimes,(+57) 329 490 83 74,irenevelasquez@example.net,2024-10-26
989,Erika,Galvis,+573151662747,mcardona@example.com,2025-05-10
990,Diego,Jiménez,+57 329 029 02 94,germanramirez@example.com,2024-06-02
991,Eduardo,Vélez,57 309 724 22 26,estebancortes@example.com,2024-07-31
992,Carolina,Jaimes,+57 601 330 03 11,mariasalazar@example.org,2024-05-13
993,Alejandro,Romero,+57 311 194 11 84,james25@example.org,2024-11-02
994,Oliva,Rodríguez,57 319 464 74 01,lucianavarro@example.com,2024-05-16
995,Juan,Martínez,01 8002 027 218,patricia49@example.org,2025-07-19
996,Víctor,Márquez,57 317 559 45 89,bherrera@example.net,2025-03-22
997,María,Rivera,(+57) 320 380 12 28,,2025-05-03
998,Yina,Herrera,(+57) 605 948 90 39,rjaramillo@example.com,2025-02-27
999,Andrés,Caicedo,300 323 69 85,,2026-03-19
1000,Norma,Camargo,573172748480,juanarevalo@example.com,2025-09-22
1001,William,Pérez,57 311 752 26 02,,2024-10-31
1002,José,Ramírez,(+57)6053110464,carolinabernal@example.org,2026-01-26
1003,María,Díaz,(+57)6039717922,garciageraldine@example.org,2024-09-27
1004,Elizabeth,Flórez,01 8003 018 284,reyeskelly@example.org,2025-11-06
1005,Rodrigo,Bermúdez,+573254846097,,2025-06-07
1006,Felipe,Sepúlveda,+57 304 166 92 95,,2025-01-08
1007,Alejandra,Calderón,(+57) 318 239 18 64,fabian92@example.com,2025-05-06
1008,Enrique,Arrieta,312 335 38 81,paezjose@example.org,2026-02-14
1009,Carlos,Rojas,573200228677,qoviedo@example.org,2025-05-31
1010,Dairo,Salazar,602 445 42 29,ccastro@example.com,2024-12-29
1011,Fabiola,Meneses,01 8003 916 602,pvargas@example.org,2025-12-12
1012,Antonio,Parra,302 589 24 93,nburgos@example.org,2025-06-04
1013,Felix,Jiménez,(+57) 310 648 87 82,gbernal@example.net,2024-08-25
1014,Ana,Contreras,+573159078593,obuitrago@example.org,2024-06-08
1015,Carlos,Zapata,57 310 892 78 70,,2024-03-31
1016,Laura,Bedoya,+57 308 210 01 30,eugeniasandoval@example.org,2024-07-18
1017,Emilia,Gómez,57 313 758 30 81,veronica95@example.org,2024-10-11
1018,Víctor,Fuentes,(+57) 306 687 94 95,,2025-02-19
1019,Kevin,Aguirre,+573122019404,fparra@example.net,2025-06-29
1020,Rosa,Tamayo,(+57) 303 817 64 38,quinteromartin@example.org,2024-12-20
1021,Eduardo,Suárez,(+57)3056368194,,2025-09-28
1022,Blanca,Parra,57 608 649 54 97,canomanuel@example.net,2024-11-17
1023,Víctor,Salazar,573275113991,sandragomez@example.org,2025-04-22
1024,Judith,Salas,(+57)3283144309,medinapatricia@example.com,2024-06-18
1025,Jairo,Martínez,(+57)6095591560,,2026-03-06
1026,Jairo,Rincón,576075711618,luis51@example.com,2024-10-24
1027,David,Cáceres,573132395525,isilva@example.net,2025-01-08
1028,Camilo,Díaz,(+57)3029650463,,2025-05-30
1029,Marta,Caro,(+57) 302 507 14 69,,2025-10-01
1030,Efrain,Ortega,573271163070,omartinez@example.com,2024-12-28
1031,Ferney,Ramos,+57 312 092 27 41,garciaalexander@example.net,2025-05-15
1032,Marina,Rivera,(+57) 327 161 09 86,,2025-11-07
1033,Fabián,Orozco,683 52 92,suarezenith@example.net,2025-10-07
1034,Diana,Guzmán,573167867788,linaescobar@example.org,2025-01-31
1035,Alonso,Rengifo,6048747319,silvamargarita@example.net,2025-02-23
1036,Sandra,Alvarado,306 667 31 07,mosqueraivan@example.org,2024-07-14
1037,Javier,Peña,142 31 94,camilo70@example.org,2025-03-27
1038,Fernando,Acevedo,(+57) 324 081 75 29,luzagudelo@example.net,2025-03-23
1039,Marleny,Muñoz,(+57)3155135761,,2024-11-23
1040,Arbey,Ruiz,57 311 474 08 97,juliana36@example.com,2024-11-22
1041,Angie,Monroy,3297608047,wjimenez@example.org,2024-05-15
1042,Fernanda,Suárez,+576056608038,albertopolo@example.org,2025-07-16
1043,Julieth,Peña,318 544 26 32,,2024-09-15
1044,Laura,Cortés,573061795110,,2026-01-09
1045,Lucía,Moreno,+57 324 004 17 09,trujilloenrique@example.com,2025-05-23
1046,Carmen,Castellanos,874 89 84,,2025-03-27
1047,Camila,Gallego,(+57) 306 004 09 73,amendoza@example.org,2025-10-20
1048,Francisco,Benítez,(+57) 320 072 18 48,fabiolahernandez@example.net,2026-02-01
1049,María,Vega,+57 322 336 04 62,mmontoya@example.org,2024-06-21
1050,Nidia,Páez,+57 315 125 30 50,egalindo@example.org,2025-12-08
1051,María,Gaviria,(+57)3182964890,margaritahernandez@example.org,2025-10-02
1052,Viviana,Moreno,576082450404,,2025-09-08
1053,María,Correa,(+57)3080511940,barreracecilia@example.com,2025-11-04
1054,Abel,Niño,(+57)3094348664,,2024-12-05
1055,Jesús,Bernal,+573096296240,,2025-02-15
1056,Gabriela,Suárez,57 321 157 01 83,,2025-02-03
1057,Karen,Quintero,8109968,cardonamiguel@example.net,2024-05-02
1058,Sebastián,Morales,(+57) 300 284 24 58,cnino@example.com,2024-12-19
1059,Eugenia,Henao,018002039057,hgutierrez@example.com,2025-10-20
1060,Stella,Castro,57 321 819 04 07,testrada@example.org,2024-11-28
1061,Pedro,García,573207760702,penanatalia@example.com,2025-11-29
1062,Marina,Barbosa,(+57) 329 098 62 93,pedromejia@example.com,2024-12-05
1063,Carlos,Jiménez,+57 605 892 65 54,,2024-11-18
1064,Gerardo,Villamizar,(+57)6021903093,,2024-10-22
1065,Sandra,Arévalo,573058074976,aurasanchez@example.net,2025-09-03
1066,Jesús,Romero,+576037314692,,2024-07-25
1067,Camilo,Montoya,+57 609 417 69 65,mercadoeliecer@example.org,2024-03-29
1068,Jesús,Amaya,(+57) 303 189 94 29,margarita75@example.net,2026-02-02
1069,Carlos,Barragán,+573050002503,rcastillo@example.org,2025-08-30
1070,María,Zuluaga,3036288095,ariaseduardo@example.org,2025-06-17
1071,Teresa,Palacios,7186571,lauralondono@example.net,2025-04-18
1072,Alfonso,Orozco,57 604 829 87 91,vcastro@example.net,2025-04-07
1073,Paola,Arias,(+57) 315 746 80 82,loaizarocio@example.org,2024-11-03
1074,Jaime,Ruiz,601 733 50 53,luz47@example.net,2026-03-07
1075,Henry,Moreno,605 316 61 44,,2024-06-10
1076,Elena,Marín,573003529952,danielcuellar@example.net,2024-07-03
1077,Juan,López,308 863 27 31,omosquera@example.org,2025-02-27
1078,Elizabeth,Barbosa,018005744770,vvillegas@example.org,2025-12-24
1079,Ana,Pacheco,3043604153,chaparrodiana@example.com,2025-06-04
1080,Milton,Osorio,+57 315 021 63 17,fabiobarrera@example.org,2025-11-26
1081,Leonardo,Gómez,325 146 92 62,,2025-02-26
1082,Alonso,Barreto,57 315 635 55 08,,2024-07-24
1083,José,Guerrero,3190822456,,2025-03-02
1084,Andrés,García,01 8009 978 561,,2026-01-15
1085,Yury,Vergara,(+57)3105618551,zapatasegundo@example.com,2026-01-18
1086,Diego,Ortiz,608 820 52 98,rbohorquez@example.com,2025-10-15
1087,Alejandra,Pérez,9087356,sgomez@example.net,2025-10-10
1088,Shirley,Díaz,3122970595,,2025-09-27
1089,Edith,Hernández,(+57) 608 407 14 72,,2024-07-14
1090,Julio,Quintero,57 300 922 79 49,,2024-05-18
1091,José,Flórez,+57 604 359 44 26,geovannygomez@example.net,2024-04-27
1092,Rosa,Marín,57 303 404 34 39,nardila@example.com,2025-01-05
1093,Andrea,Duarte,263 53 25,gina76@example.com,2025-10-04
1094,Julio,Hernández,573010421198,luz68@example.net,2025-10-13
1095,Luz,Molano,322 124 18 93,laura84@example.com,2025-11-07
1096,Javier,Guevara,326 958 85 90,eduardorodriguez@example.net,2025-05-30
1097,Martha,Valencia,(+57)6052309299,,2025-05-06
1098,Eduardo,Meza,+573105557080,,2026-01-17
1099,Alexis,Fonseca,(+57) 322 501 28 30,,2025-12-03
1100,Silvia,Ramírez,603 723 10 93,,2025-03-03
1101,César,Orjuela,(+57) 313 730 25 42,,2024-09-30
1102,Denis,Palacios,(+57) 320 168 58 22,yulieth84@example.net,2025-06-17
1103,Franklin,Toro,(+57) 315 557 71 68,,2024-04-30
1104,Jorge,Ochoa,(+57)3226349179,nestor88@example.org,2024-04-28
1105,Doris,Herrera,573121352700,jose32@example.net,2026-02-16
1106,Alonso,Cruz,(+57)6073005196,angie63@example.net,2025-03-22
1107,Ángel,Vera,698 97 68,patricia07@example.net,2026-01-07
1108,Jessica,Hoyos,+576058675053,,2025-11-30
1109,Dina,Jiménez,573199621223,karenquintero@example.com,2024-05-16
1110,Camila,López,3107027275,hectorcardona@example.com,2024-09-24
1111,María,Ojeda,6049816191,btovar@example.net,2026-01-06
1112,Isabel,Díaz,+573200916348,zsalazar@example.com,2024-06-20
1113,Miguel,Ospino,+573105369800,lopezlinda@example.com,2024-11-16
1114,Dario,Hoyos,+573078453792,cvillamizar@example.com,2024-06-11
1115,Mauricio,Castro,573293843901,fabiola87@example.net,2025-11-13
1116,Jesús,Obando,+573145785913,andres56@example.org,2025-02-22
1117,Yuliana,Cárdenas,(+57)3158431477,,2025-01-30
1118,Fernando,Murillo,57 321 926 32 73,xguzman@example.com,2024-08-26
1119,Enrique,Barrera,576036963412,,2025-01-22
1120,Andrés,Orjuela,3040022221,,2025-03-14
1121,María,González,3219228697,,2024-12-12
1122,Erika,Mosquera,57 606 894 17 16,melissa32@example.net,2024-05-21
1123,Luis,Trujillo,601 705 95 42,laura85@example.com,2025-03-27
1124,Arturo,Peña,01 8009 734 970,aarenas@example.org,2025-05-18
1125,Jonathan,González,(+57)6014164111,tcortes@example.com,2025-09-23
1126,Jefferson,Restrepo,018008441855,cjimenez@example.org,2024-04-17
1127,Eduardo,Ortiz,576081066367,maria23@example.com,2024-08-28
1128,Leonardo,Hernández,(+57)6048710003,,2025-09-02
1129,Antonio,Díaz,3112376694,palaciospaola@example.net,2024-08-24
1130,Alberto,Reyes,57 321 574 08 25,garzoncecilia@example.org,2024-12-19
1131,Armando,Martínez,57 324 716 56 51,dgonzalez@example.org,2025-04-03
1132,Carolina,Rodríguez,573175612253,tmarquez@example.net,2024-11-20
1133,David,Pérez,+57 317 864 51 62,ricardopabon@example.net,2025-03-28
1134,Gladys,Carrillo,57 302 788 98 83,josetorres@example.com,2025-12-19
1135,Carlos,Corredor,+57 328 471 48 72,canomaria@example.org,2025-03-22
1136,Danilo,Paz,7515458,,2024-05-10
1137,Melissa,Rodríguez,(+57) 318 938 31 11,pardoyuli@example.org,2024-05-22
1138,María,Osorio,57 313 523 09 10,,2025-01-25
1139,Luis,Pacheco,+57 300 620 06 32,ines48@example.net,2025-01-09
1140,Maritza,García,598 13 25,maria83@example.net,2025-05-24
1141,Stiven,Vega,+573181436236,ramirezdavid@example.net,2026-02-13
1142,Andrés,Carrillo,573029589242,marinamejia@example.org,2025-10-26
1143,Sebastián,Valderrama,+573246749833,victoriarodriguez@example.net,2024-11-29
1144,Alcira,Pérez,573206650293,zvalencia@example.net,2026-01-14
1145,Carmen,Ruiz,3081872756,iduran@example.com,2025-12-29
1146,Luz,Parra,6033464634,magda01@example.org,2024-11-01
1147,Angélica,Castro,(+57)6035847857,,2026-01-08
1148,Isabel,García,(+57) 305 979 21 63,,2024-09-29
1149,Viviana,Sánchez,313 720 41 66,sanchezcarlos@example.net,2024-05-18
1150,Mónica,Rico,573049941488,,2025-06-24
1151,Enrique,Correa,57 605 941 12 87,castillofelipe@example.org,2024-11-26
1152,Martín,Acosta,+57 314 543 01 49,yvillamizar@example.com,2024-11-22
1153,Dairo,García,57 300 283 80 33,alejandrosolano@example.net,2024-08-01
1154,Sandra,Marín,6018129690,,2025-02-13
1155,Ramiro,Rivera,576015792992,,2025-06-25
1156,Diana,Fuentes,306 404 75 89,inesperdomo@example.net,2024-09-13
1157,Danilo,Gómez,(+57) 328 961 73 75,,2026-02-18
1158,Erika,Pineda,(+57)3236954762,alejandrocruz@example.org,2025-04-03
1159,Armando,Rincón,(+57)3249346654,luztamayo@example.net,2026-01-17
1160,Danna,Vásquez,308 516 50 38,,2025-01-12
1161,Juliana,Muñoz,+57 601 276 01 43,,2025-07-02
1162,Juan,Serna,6066862083,camargoisaac@example.org,2024-11-03
1163,María,Ávila,3227887881,jose15@example.com,2024-10-26
1164,Diana,Pacheco,607 299 47 71,lealalejandra@example.org,2026-02-22
1165,Alexis,Gómez,3042163947,,2025-11-22
1166,Andrea,Estrada,57 603 919 97 51,,2025-03-16
1167,Francisco,Palacio,57 316 338 03 75,astrid41@example.com,2024-12-23
1168,Martha,Molina,3116897287,acostadario@example.com,2024-05-21
1169,Omaira,Cruz,+573263030861,barrerajaime@example.com,2025-12-30
1170,Neider,Córdoba,(+57)6055966433,paola35@example.org,2025-11-15
1171,Jonathan,Jaramillo,603 473 98 49,yennymesa@example.com,2025-06-21
1172,Fernando,Ortega,+573057168004,estella98@example.net,2025-12-02
1173,Lucía,Martínez,(+57)3022802951,,2025-07-22
1174,Isaac,García,3145169839,yeison99@example.org,2024-04-01
1175,Miller,Perdomo,(+57) 605 922 29 18,mardila@example.net,2025-02-28
1176,Alexander,Vanegas,+57 322 555 13 36,fernandomartinez@example.org,2025-06-19
1177,Laura,Soto,867 59 22,alexanderhenao@example.net,2024-07-25
1178,Luz,Peña,57 320 791 88 59,mauriciomunoz@example.org,2024-06-16
1179,Lina,Bonilla,57 311 844 92 35,cristinamartinez@example.org,2026-01-22
1180,Edwin,Marín,018000724821,,2026-03-12
1181,Esther,Vásquez,573147332618,andreahernandez@example.net,2025-08-12
1182,Alexander,Fuentes,(+57) 326 720 54 81,,2025-11-11
1183,Lucía,Méndez,57 323 632 02 24,cecilia46@example.org,2026-01-20
1184,Lucero,Espinosa,018009002715,,2025-09-01
1185,Alba,Rodríguez,309 505 08 67,qramos@example.org,2024-05-12
1186,Lorena,Amaya,603 889 70 03,alexander24@example.net,2025-05-30
1187,Fanny,Ariza,(+57) 309 635 85 10,,2024-06-09
1188,José,Rodríguez,+573065831005,contreraselkin@example.com,2026-01-12
1189,Héctor,Hoyos,+57 316 039 51 86,arrietacecilia@example.net,2025-02-25
1190,Viviana,Díaz,6098183539,bsuarez@example.net,2024-09-16
1191,María,Ayala,+573267103825,,2025-05-21
1192,Claudia,Pérez,+576064166372,luishurtado@example.net,2025-11-19
1193,Felipe,Velasco,(+57) 319 635 63 87,,2025-11-25
1194,Yolanda,Cárdenas,3159313267,qcarvajal@example.com,2024-05-13
1195,Jhon,Figueroa,+57 313 538 28 66,leonardo63@example.com,2025-02-18
1196,Gladis,Giraldo,57 318 276 99 59,,2025-05-18
1197,Luz,Bedoya,(+57) 605 270 18 07,,2025-04-27
1198,Felipe,Prada,57 329 799 92 00,,2024-12-24
1199,Luz,Mejía,321 708 71 97,alejandra38@example.org,2025-09-05
1200,Alberto,Carvajal,018002358095,talvarez@example.org,2024-04-02
1201,Paulina,Castañeda,+57 302 695 43 75,lfigueroa@example.org,2025-12-28
1202,Carlos,Rodríguez,573074810050,camargohugo@example.com,2026-03-23
1203,María,Castañeda,1999220,amayaantonio@example.com,2025-05-10
1204,Andrés,Caballero,576021087314,,2024-09-05
1205,Amparo,Sánchez,57 327 006 35 06,rhernandez@example.org,2024-08-18
1206,Carlos,Rojas,+573087805761,,2025-06-21
1207,Edith,Guerrero,573297347234,,2024-08-31
1208,Ignacio,Torres,57 313 728 45 78,quirogacecilia@example.com,2024-07-04
1209,Jorge,García,018004125514,hernandezines@example.org,2024-08-26
1210,Dayana,Cano,(+57)3285864774,jcantillo@example.net,2025-07-28
1211,Felipe,Gómez,605 445 76 89,,2024-12-14
1212,Alfonso,Mejía,(+57) 325 191 34 54,,2024-12-19
1213,Claudia,González,605 666 71 97,mariabuitrago@example.net,2025-06-02
1214,Isabel,Pulido,300 315 15 06,,2024-04-04
1215,Farid,Gómez,573159119836,juanbermudez@example.org,2024-06-18
1216,Hernán,Morales,6099910407,pereaalexander@example.com,2024-07-08
1217,Ángela,Benítez,(+57) 321 707 80 27,,2024-06-30
1218,Stella,Sierra,606 544 69 72,antonioorozco@example.net,2024-08-24
1219,Marisol,Rodríguez,573105102312,lopezlaura@example.net,2025-12-30
1220,Juan,Gutiérrez,57 313 855 60 85,lisbethrodriguez@example.net,2024-12-07
1221,Edgar,Gutiérrez,3051831155,fonsecaliliana@example.org,2024-04-16
1222,Jaime,Mercado,3115065684,juanortega@example.org,2024-06-20
1223,Angélica,Gaitán,01 8000 900 449,silvio58@example.net,2025-03-18
1224,Ariel,Garcés,(+57)3226791386,alberto05@example.com,2024-05-03
1225,Beatriz,Vélez,57 311 127 63 06,lucia96@example.com,2024-08-02
1226,Socorro,Díaz,(+57)6012337077,,2025-04-02
1227,José,Pinto,(+57)3201488655,,2025-03-02
1228,Leonardo,Rojas,018006573166,mariatorres@example.org,2024-06-30
1229,Luz,García,+573220737918,,2024-05-02
1230,Carolina,Rosero,576066528794,mariavera@example.org,2025-01-08
1231,Harvey,Gaitán,+57 602 428 54 98,alba04@example.net,2026-03-09
1232,Felipe,Sánchez,+573040069035,cristina26@example.net,2026-01-28
1233,Fanny,Murillo,573029905013,,2024-12-12
1234,Fabián,González,3129698740,vilma93@example.net,2025-05-18
1235,Ricardo,Polo,573094689212,sanchezjhon@example.org,2026-03-12
1236,Ana,Jiménez,303 844 60 04,enriquebermudez@example.org,2025-04-24
1237,Diego,Silva,+573055808934,johannarodriguez@example.org,2024-10-20
1238,Fernando,Caicedo,57 603 824 91 52,miguel22@example.org,2024-07-30
1239,Eugenia,Castrillón,573267676727,gdelgado@example.net,2024-03-31
1240,David,Montoya,018007086945,jose37@example.net,2025-01-07
1241,Gloria,Rojas,+576087621465,,2024-12-28
1242,José,Peña,(+57)3159368285,lbecerra@example.org,2025-03-10
1243,Eduardo,Mena,57 315 285 35 29,fernandobuitrago@example.net,2024-07-27
1244,Marcela,Gutiérrez,3206200268,,2024-07-30
1245,Leonor,Arias,+57 311 218 91 88,,2026-02-28
1246,Omar,Restrepo,(+57)3156284670,ygaleano@example.net,2024-12-15
1247,Alcira,Medina,307 444 73 00,armando20@example.com,2025-04-24
1248,Ligia,Arias,+57 601 797 40 62,sperez@example.com,2025-11-19
1249,Patricia,Moreno,(+57) 307 848 12 11,pgiraldo@example.org,2026-03-14
1250,Luz,Gómez,6012849842,kevin74@example.com,2025-06-22
1251,Julia,Fernández,(+57) 303 780 44 15,,2026-01-10
1252,Carmen,Castillo,(+57)6032422497,isabel00@example.com,2024-10-15
1253,Catalina,Ramírez,1096033,luisceron@example.com,2024-04-26
1254,Ana,Marín,018009631567,,2025-10-13
1255,Eduardo,Herrera,57 316 356 43 49,omosquera@example.org,2026-03-08
1256,Gloria,Jaimes,+57 329 641 92 90,lealronald@example.org,2024-08-24
1257,Blanca,Castaño,(+57)3208963221,,2024-07-03
1258,Hernán,Hurtado,3229410187,maria04@example.com,2025-02-13
1259,Edwin,Herrera,(+57)3161147118,osorioleidy@example.org,2024-12-11
1260,Emiro,Restrepo,(+57)3269524166,,2026-02-02
1261,Lorena,Delgado,(+57)3000270369,luciareyes@example.com,2024-05-09
1262,Fabio,Rincón,3203058925,,2024-08-07
1263,Eduar,Hurtado,+57 315 939 63 82,projas@example.net,2024-10-26
1264,Karina,Benavides,3288994819,jguzman@example.net,2025-09-09
1265,Edward,Quintero,850 58 11,nelsyescobar@example.org,2024-10-07
1266,Fernando,Rojas,(+57)6073998818,bgomez@example.net,2025-09-20
1267,Rubiela,Rojas,+573279520364,tsuarez@example.net,2024-12-27
1268,Alicia,Leal,(+57) 320 647 26 82,martinezfrancisco@example.org,2024-05-27
1269,Gladys,Vásquez,3292025612,,2024-05-26
1270,Martha,Padilla,(+57)3220195786,vortiz@example.com,2024-05-27
1271,Rosa,Gómez,(+57)3234833668,,2026-03-07
1272,Natalia,Moreno,3215244397,npacheco@example.net,2024-10-18
1273,Andrea,Saavedra,3085727416,,2025-11-17
1274,Tulio,Domínguez,326 163 30 95,leonhernan@example.net,2025-08-08
1275,Natalia,Molina,57 300 542 87 77,,2024-12-23
1276,Cristian,Jiménez,01 8001 123 293,garrieta@example.net,2026-01-17
1277,Willian,Osorio,573255416800,rafaelfonseca@example.com,2024-09-11
1278,Cecilia,Medina,(+57)3100060206,emurcia@example.net,2025-02-09
1279,Gabriel,Aguirre,+57 303 610 84 03,manuelarango@example.net,2024-06-20
1280,Rosa,Gamboa,3075386915,rodriguezmaria@example.org,2026-03-08
1281,Luis,Villegas,57 303 372 56 55,,2024-10-24
1282,Edison,Carvajal,(+57)6014798192,arenasluis@example.org,2024-11-26
1283,Jair,Vega,314 904 78 27,leonardomontoya@example.net,2025-07-21
1284,Luz,Mora,3006171998,jimenezrafael@example.com,2025-02-25
1285,Ana,Pérez,57 312 708 86 45,melbarodriguez@example.net,2025-08-05
1286,Juan,Fernández,(+57)3144968147,,2024-04-16
1287,María,Moreno,3128409011,osanchez@example.org,2024-04-12
1288,Daniel,Arrieta,+57 607 586 38 66,anderson36@example.org,2025-01-22
1289,María,Hernández,+57 313 906 74 14,,2025-10-18
1290,Andrés,Montes,308 488 22 67,parrayaneth@example.com,2024-07-28
1291,Sandra,García,+576075115244,rincondaniel@example.org,2025-04-02
1292,Ángel,Rodríguez,573268607555,,2025-04-08
1293,Antonio,Galeano,(+57)3057683530,rodriguezlucia@example.com,2025-07-18
1294,Yaneth,Miranda,+57 319 466 20 56,,2025-09-28
1295,Alexander,Sánchez,573292930696,gnarvaez@example.org,2025-09-20
1296,Jhon,Guzmán,604 124 35 33,herreragloria@example.net,2025-06-07
1297,Alexis,Rueda,+573258102615,adolforodriguez@example.org,2024-04-27
1298,Alexander,Hernández,301 655 32 32,wmaldonado@example.net,2025-09-19
1299,María,Vallejo,(+57)3149239229,,2025-06-08
1300,Claudia,Vargas,6077703119,ramirezfredy@example.org,2025-03-26
1301,Andrés,Pérez,305 520 66 92,,2024-07-25
1302,Nidia,Martínez,319 814 98 74,marcela15@example.net,2024-05-26
1303,Aurelio,Camacho,(+57)6074398333,alexandergarcia@example.com,2025-06-18
1304,Andrea,Parada,573161018821,luzsuarez@example.net,2025-09-29
1305,José,Cortés,322 676 78 25,martha60@example.com,2025-07-04
1306,Rubén,Ortiz,57 601 642 89 14,miguelmartinez@example.org,2024-12-17
1307,Gabriel,Hernández,300 490 26 49,ivanmercado@example.org,2024-07-30
1308,Jorge,Rivera,573044925067,,2024-11-10
1309,Beatriz,Quintero,(+57) 318 300 96 25,,2025-06-13
1310,Fernando,Moreno,57 311 804 66 45,,2025-08-07
1311,Alejandro,Gil,57 323 118 47 47,salgadooscar@example.net,2024-07-30
1312,Nelly,Rosero,57 313 675 95 09,,2025-11-23
1313,Alonso,Villamizar,+57 603 344 66 63,blancarios@example.org,2026-01-21
1314,Geraldine,Gómez,+573243037800,isabelmoreno@example.net,2025-01-04
1315,Andrea,Quintero,+57 303 978 00 15,rocioposada@example.net,2025-04-23
1316,Andrés,Parra,573071995339,,2024-11-29
1317,Manuela,Monroy,57 309 887 36 20,sandrasalazar@example.com,2025-10-06
1318,Emilia,Vargas,57 320 041 34 95,fmartinez@example.org,2025-02-08
1319,Juan,Arroyo,576078397213,lsanchez@example.net,2025-06-29
1320,Inés,Aguilar,+57 300 515 51 09,lopezliliana@example.com,2025-11-23
1321,Wilson,Hernández,(+57)3056342829,ctorres@example.com,2025-08-05
1322,Ángela,González,(+57)3127215896,,2024-07-30
1323,Olga,Gómez,57 317 333 01 46,jorgecardona@example.org,2024-11-30
1324,Sofía,Mosquera,+57 328 978 04 49,osanchez@example.com,2025-02-27
1325,Jhon,Ramírez,5843210,cristinacorrea@example.com,2026-03-29
1326,Fernando,Vásquez,573198330616,albertobermudez@example.net,2024-04-04
1327,Mary,Pérez,3134230764,ktovar@example.net,2025-07-06
1328,Yaneth,Ortega,2445420,german42@example.com,2025-09-11
1329,María,Ríos,57 606 862 93 74,,2024-08-13
1330,Isabel,Gómez,(+57) 306 836 28 38,,2026-01-28
1331,Jesús,Caicedo,+57 301 053 33 07,dhernandez@example.net,2024-10-16
1332,Álvaro,Vélez,+57 310 737 29 46,,2025-05-29
1333,Lucy,Castillo,307 302 55 85,udiaz@example.org,2025-06-20
1334,Luz,Espinosa,+576019297564,eortiz@example.net,2024-09-10
1335,Rocío,Martínez,(+57)3083333537,cabreramaria@example.org,2024-12-22
1336,Mabel,Pérez,(+57)3103000002,luis47@example.com,2024-09-06
1337,Martha,Burbano,+573278611980,valenciaalexander@example.net,2024-04-02
1338,Catherine,Martínez,+573114196395,,2024-10-12
1339,Robinson,Narváez,57 608 674 25 68,lozanopablo@example.org,2026-03-29
1340,Cristian,Álvarez,573202408795,diaznel@example.org,2025-05-29
1341,Ferney,Medina,+57 327 941 21 71,karen62@example.org,2025-11-05
1342,Camilo,Caballero,7760908,,2025-03-27
1343,Nancy,Flórez,314 115 90 76,raul81@example.net,2025-12-19
1344,María,Restrepo,573250139167,clara90@example.net,2024-05-01
1345,Martha,Bedoya,57 300 066 94 99,montescarlos@example.org,2025-05-06
1346,Víctor,Flórez,(+57) 305 225 57 32,lidabarreto@example.com,2025-02-26
1347,Pablo,Ríos,57 324 546 46 83,jruiz@example.org,2025-01-19
1348,Víctor,Hernández,3038118494,cristinamantilla@example.com,2024-09-17
1349,Alberto,González,57 602 314 13 62,fredymunoz@example.net,2025-12-07
1350,Álvaro,Mejía,6055916755,paolaalarcon@example.org,2025-08-04
1351,Víctor,Sepúlveda,684 85 49,,2025-07-13
1352,Ángela,Rodríguez,6421024,sebastianmartinez@example.com,2025-04-29
1353,Gina,González,601 938 81 97,luis42@example.net,2024-08-11
1354,María,Martínez,8188258,,2024-05-31
1355,Ruth,García,608 539 18 95,,2026-01-28
1356,José,Cortés,3166110122,,2025-02-15
1357,Miguel,Castillo,916 10 21,,2025-10-28
1358,Elena,Sánchez,+573021035647,,2026-01-13
1359,Paula,Mantilla,+573062132037,,2024-03-29
1360,Alba,Maldonado,(+57) 324 930 36 59,martha15@example.org,2024-04-13
1361,Fabián,Velásquez,57 604 687 72 39,carmen53@example.net,2025-05-06
1362,Shirley,Contreras,+57 314 064 67 33,,2025-04-26
1363,Marina,Angulo,(+57) 305 582 11 32,murciajose@example.org,2025-02-04
1364,Carmenza,Quintero,3146739606,xvilla@example.com,2025-11-21
1365,Elías,Hernández,3083723599,ybarreto@example.org,2024-06-15
1366,María,Agudelo,3277913668,,2025-07-05
1367,Karen,Betancur,3031668851,monroydayana@example.com,2025-02-24
1368,Rosa,Sánchez,(+57)3241056153,,2025-04-29
1369,Danny,Moreno,+57 609 445 39 72,,2025-02-26
1370,María,Montoya,360 85 98,fgamboa@example.com,2025-07-12
1371,Michael,Buitrago,+576015983150,yflorez@example.org,2024-04-03
1372,Karina,Velásquez,+573052399314,perezalberto@example.com,2025-04-23
1373,Natalia,Fajardo,2768621,ilopez@example.org,2024-07-05
1374,Enrique,Arias,(+57)3178172597,analozano@example.net,2026-03-15
1375,Ramiro,Córdoba,3016275969,margarita75@example.net,2025-04-20
1376,Enrique,Arenas,3297334252,cperez@example.net,2024-09-20
1377,Edison,Hernández,+57 326 728 61 47,angela84@example.org,2024-10-06
1378,Marcela,Vargas,+57 323 661 36 14,nramos@example.com,2026-03-03
1379,Elver,Hernández,+573013984640,fernanda31@example.net,2025-06-22
1380,Vanessa,Arias,(+57) 329 524 79 37,ipalacios@example.org,2024-10-16
1381,Nelsy,Ávila,6057419722,ramirezyuly@example.org,2025-09-13
1382,Víctor,Duque,(+57)3228103398,wtorres@example.com,2024-03-29
1383,Gloria,López,+573071428174,xvega@example.com,2024-11-07
1384,Edgar,Ríos,309 291 14 96,luciaruiz@example.com,2025-06-06
1385,Eugenia,Gómez,+57 306 999 61 21,hernandeznorma@example.org,2025-06-02
1386,María,Angulo,573293897063,salazarluz@example.com,2024-03-30
1387,Leonor,Hernández,(+57) 328 099 39 05,penaroger@example.net,2024-11-05
1388,Alexandra,Ortiz,(+57)3284568144,,2025-08-10
1389,Juan,Arias,6028390533,yolima83@example.org,2025-07-20
1390,Bernardo,Díaz,(+57)3199885188,rosamosquera@example.net,2025-11-27
1391,Natalia,Londoño,5767439,agudeloandrea@example.org,2025-09-20
1392,Tania,Arboleda,57 602 371 91 81,,2024-10-24
1393,Octavio,Pérez,(+57)3089774204,jhon72@example.net,2024-07-04
1394,Carmenza,Sánchez,+57 304 603 82 83,armando83@example.org,2025-11-01
1395,María,Campo,573147181408,beatriz53@example.org,2024-05-13
1396,Johan,Mejía,304 290 18 97,yrivas@example.com,2024-05-01
1397,Sandra,Flórez,573279904324,,2026-02-16
1398,Cecilia,Pabón,306 855 93 46,andresfigueroa@example.org,2025-06-04
1399,William,Cabrera,018003933635,pvallejo@example.com,2026-01-25
1400,Carolina,Martínez,573210073744,ggonzalez@example.com,2026-03-12
1401,Carolina,Castillo,(+57) 311 447 65 69,diego09@example.org,2025-02-06
1402,Guillermo,Vargas,328 746 81 60,,2025-02-05
1403,Adolfo,Naranjo,(+57) 301 356 08 52,trodriguez@example.com,2024-07-27
1404,Cristina,Alvarado,609 357 05 47,polojose@example.com,2026-01-30
1405,Edilma,Álvarez,(+57)3161107451,rafael24@example.net,2025-10-17
1406,Mercedes,Melo,573066673605,esperanzapaez@example.org,2024-12-20
1407,Carlos,Reyes,315 750 23 96,,2024-05-01
1408,José,Orozco,573027628363,bgaviria@example.net,2024-06-17
1409,María,González,57 324 472 99 42,pazjhon@example.com,2024-04-29
1410,Dario,Álvarez,(+57) 317 606 64 83,,2025-05-08
1411,Esteban,Arango,(+57)3086721629,margaritaarenas@example.org,2024-10-10
1412,Lucía,Hernández,+57 605 605 59 05,,2025-05-11
1413,Jean,Acosta,3024115587,larango@example.org,2024-07-02
1414,Luz,Jiménez,+576094045758,duquesandra@example.net,2024-05-31
1415,Eduardo,Vélez,(+57)6046409563,sotojulio@example.net,2026-03-29
1416,Carlos,Ojeda,+573061569257,,2025-07-09
1417,Tatiana,Herrera,(+57) 601 112 08 52,zordonez@example.com,2024-07-01
1418,Javier,Mosquera,576056461161,valencialucero@example.org,2025-11-09
1419,Natalia,Bedoya,57 607 429 69 93,,2024-06-30
1420,Inés,Jiménez,57 317 154 10 79,lmorales@example.org,2026-03-08
1421,Alejandra,Martínez,3272234533,ramirezluz@example.net,2025-01-03
1422,Andrés,Sánchez,+57 607 346 42 75,,2025-07-02
1423,Alejandra,García,314 790 79 79,murilloraquel@example.org,2026-01-28
1424,Germán,Roa,576021315526,ricardorestrepo@example.net,2024-06-25
1425,Julieth,Pinzón,018002180901,,2025-02-18
1426,Francy,López,3107663358,mejiaalberto@example.com,2024-11-07
1427,Isabel,Navarro,573058917902,,2025-06-24
1428,Aurora,Pineda,(+57)3270884069,dora90@example.net,2025-08-01
1429,Arturo,Angarita,018007361091,,2025-03-17
1430,Jairo,Guerra,3025677109,paezdeyanira@example.com,2025-12-22
1431,Juliana,Medina,321 576 08 08,larboleda@example.org,2024-10-10
1432,Aleida,Bernal,018009058725,ztrujillo@example.com,2025-12-24
1433,Alejandro,Ibarra,606 849 09 12,rafaelcardona@example.org,2026-01-19
1434,Michael,Moreno,573065615707,,2025-10-18
1435,José,Chávez,(+57)3217740288,mesaferney@example.org,2025-05-26
1436,Wilson,Molano,(+57)3118884870,mateo32@example.com,2024-11-13
1437,Pablo,Correa,573147812273,diego44@example.com,2025-10-12
1438,Sebastián,Suárez,1761305,jvanegas@example.com,2024-04-12
1439,Alexis,Vargas,573106320981,,2024-04-10
1440,Ivonne,Márquez,+57 320 463 87 42,psoto@example.com,2024-08-10
1441,Alicia,González,+57 318 781 37 16,,2025-03-02
1442,Omaira,Fernández,(+57) 315 018 46 30,,2024-05-21
1443,Elkin,Narváez,+573228931283,,2024-04-03
1444,Libardo,Meza,+57 329 198 06 65,alejandrocardenas@example.net,2025-01-16
1445,Fernando,González,3078220747,vanessa71@example.net,2025-05-03
1446,Enrique,Moreno,+573266842433,nancy89@example.net,2025-03-03
1447,Eduardo,López,57 603 667 20 20,,2024-09-26
1448,María,Martínez,573053277789,luz19@example.org,2025-12-29
1449,Rosa,González,316 613 45 34,ariascarlos@example.net,2025-08-24
1450,Luis,Velásquez,(+57)3182468912,edith23@example.com,2024-09-15
1451,César,Soto,+57 318 159 30 21,,2025-07-26
1452,Enrique,Ramírez,+573224326858,fernando99@example.org,2024-08-03
1453,José,Quintero,6014039860,uribeantonio@example.org,2024-07-29
1454,Juan,Valencia,309 487 83 54,,2025-01-28
1455,Luis,Acosta,3011614871,lopezjaime@example.org,2025-01-24
1456,Roberto,Rodríguez,314 243 36 93,menamiguel@example.net,2024-05-05
1457,Paola,Ortega,414 10 18,miller48@example.net,2024-09-13
1458,Ángela,Mosquera,+576079608629,,2025-09-11
1459,Xiomara,Salgado,01 8006 761 037,lopezyolima@example.com,2025-12-29
1460,Amparo,Romero,3298835946,jairo14@example.net,2025-11-23
1461,Alba,Chávez,517 43 30,ingridobando@example.org,2025-02-10
1462,Sebastián,Pulido,573069848474,marcela66@example.com,2024-12-23
1463,César,Narváez,+573261623636,sbejarano@example.net,2024-10-03
1464,Gloria,Castro,+57 608 335 73 08,emontenegro@example.com,2024-10-29
1465,Dario,Agudelo,573157514365,ramossergio@example.net,2025-03-22
1466,Olga,Sánchez,01 8009 372 583,,2024-04-07
1467,Liliana,Parada,(+57)3031249850,suareznelson@example.net,2024-06-04
1468,Adolfo,Prada,+57 327 282 13 82,paulamontoya@example.com,2024-05-16
1469,Diana,Bejarano,+57 302 855 30 10,dfranco@example.net,2026-03-28
1470,Gerardo,Velasco,57 322 915 43 88,,2025-12-06
1471,Ana,Ávila,+57 316 469 50 50,bzapata@example.org,2025-04-20
1472,Luis,Gil,+573115144740,,2026-01-24
1473,Leidy,Jaramillo,57 322 921 07 62,,2025-01-05
1474,Jenny,Montenegro,576027623565,,2025-12-22
1475,Luis,Saavedra,3124550551,luisamontes@example.org,2025-04-29
1476,Carmen,Mendoza,018004674157,obetancur@example.net,2025-05-28
1477,Omar,Cifuentes,+573010698401,,2024-11-29
1478,Alexander,Medina,(+57)3295252492,pablo15@example.org,2025-03-28
1479,Carolina,Giraldo,304 182 77 08,,2025-08-26
1480,José,Trujillo,(+57)3010442280,,2024-05-13
1481,Darwin,Rivas,310 855 16 58,omora@example.net,2026-01-08
1482,Sara,Ortega,573258075153,,2025-01-06
1483,Leidy,Arboleda,(+57)3073294227,,2026-02-22
1484,Estella,Jaramillo,+57 302 733 72 99,alirio47@example.net,2025-07-11
1485,Nidia,Velásquez,018009661303,diana00@example.org,2024-12-16
1486,Yolanda,Álvarez,319 212 80 67,gladysvasquez@example.org,2025-01-11
1487,Ximena,Pineda,737 79 65,pvargas@example.net,2025-07-09
1488,Orlando,Roa,+576021650626,,2024-07-12
1489,Diego,Parra,+57 317 288 52 58,giovanny88@example.org,2025-03-16
1490,Óscar,Narváez,(+57)3132328363,juan46@example.net,2025-11-27
1491,María,Villamil,57 605 359 06 23,,2025-01-14
1492,Javier,Jiménez,(+57) 311 796 56 50,ortegaangel@example.net,2024-05-21
1493,Fernando,Medina,+573195148800,gabrielabarrera@example.com,2024-05-10
1494,Nelson,Sanabria,3165763388,diazedison@example.org,2025-12-12
1495,Andrés,Peña,+573153755211,eduardrojas@example.net,2025-10-21
1496,Cristian,Valencia,3269653857,ggalvis@example.com,2024-07-05
1497,Lucía,Díaz,+57 608 795 13 44,rubielamontenegro@example.net,2025-10-30
1498,Daniel,Jiménez,(+57) 322 168 48 12,maldonadosandra@example.org,2024-05-27
1499,Norma,Martínez,3266823132,gbuitrago@example.org,2024-08-24
1500,Milena,Palacios,(+57) 325 169 71 27,wilfredorios@example.org,2025-10-10
